Dealer Billing Statement for: February 2026,,,,,,,,,,,,,,,,,,,,,,,,,,,,,,,
North Fort Worth Dealership Acquisition,,,,,,,,,,,,,,,,,,,,,,,,,,,,,,,
Location,Manufacturer Name,Plant Name,Invoice Date,Invoice Number,Interest Start Date,Maturity Date,Description,Type,Model Number,Serial No/VIN,Stock/Lease No,Original Amount,Beginning Balance,Advances,Last Advance Date,Principal Payments,Principal Adjustments,Monthly Activity,Ending Balance,Current Curtailments,Past Due Curtailments,Current Maturities,Past Due Maturities,Total Principal Due,Interest Amount,Prior Period Interest Billed Current Month,Flat Charges Amount,Item Fee Amount,Total Interest / Charges / Fees Due,Inception to Date Interest,Average Daily Billing Balance
"3125 NE Loop 820  Fort Worth, TX 76110",Acura,Auto - Acura Plant (Floorplan-New) - East,10/14/2025,320,10/14/2025,5/14/2027,2026 Acura ACURAINTEGTYP,Automobile,ACURAINTEGTYP,19UDE5G9XTA000320,,"$52,352.20 ","$52,352.20 ",$0.00 ,,$0.00 ,$0.00 ,$0.00 ,"$52,352.20 ",$0.00 ,$0.00 ,$0.00 ,$0.00 ,$0.00 ,$202.46 ,$0.00 ,$0.00 ,$0.00 ,$202.46 ,"$1,034.50 ","$52,352.20 "
"3125 NE Loop 820  Fort Worth, TX 76110",Acura,Auto - Acura Plant (Floorplan-New) - East,10/17/2024,431,10/17/2024,5/17/2026,2025 Acura ACURATLXTE,Automobile,ACURATLXTE,19UUB5F41SA000431,,"$44,987.00 ","$31,490.90 ",$0.00 ,,"($4,498.70)",$0.00 ,"($4,498.70)","$26,992.20 ","$4,498.70 ",$0.00 ,$0.00 ,$0.00 ,"$4,498.70 ",$110.60 ,$0.00 ,$0.00 ,$0.00 ,$110.60 ,"$3,299.45 ","$28,598.88 "
"3125 NE Loop 820  Fort Worth, TX 76110",Acura,Auto - Acura Plant (Floorplan-New) - East,10/31/2025,436,10/31/2025,5/31/2027,2026 Acura ACURARDXSHWD,Automobile,ACURARDXSHWD,5J8TC2H48TL000436,A7726,"$45,893.70 ","$45,893.70 ",$0.00 ,,"($45,893.70)",$0.00 ,"($45,893.70)",$0.00 ,$0.00 ,$0.00 ,$0.00 ,$0.00 ,$0.00 ,$120.45 ,$0.00 ,$0.00 ,$0.00 ,$120.45 ,$732.06 ,"$31,142.15 "
"3125 NE Loop 820  Fort Worth, TX 76110",Acura,Auto - Acura Plant (Floorplan-New) - East,9/15/2025,438,9/15/2025,4/15/2027,2026 Acura ACURAINTEGA-S,Automobile,ACURAINTEGA-S,19UDE4H62TA000438,,"$39,403.00 ","$39,403.00 ",$0.00 ,,$0.00 ,$0.00 ,$0.00 ,"$39,403.00 ",$0.00 ,$0.00 ,$0.00 ,$0.00 ,$0.00 ,$152.38 ,$0.00 ,$0.00 ,$0.00 ,$152.38 ,$953.66 ,"$39,403.00 "
"3125 NE Loop 820  Fort Worth, TX 76110",Acura,Auto - Acura Plant (Floorplan-New) - East,1/12/2026,705,1/12/2026,8/12/2027,2026 Acura ACURAINTEGTYP,Automobile,ACURAINTEGTYP,19UDE5G98TA000705,A7860,"$52,928.20 ","$52,928.20 ",$0.00 ,,"($52,928.20)",$0.00 ,"($52,928.20)",$0.00 ,$0.00 ,$0.00 ,$0.00 ,$0.00 ,$0.00 ,$175.46 ,$0.00 ,$0.00 ,$0.00 ,$175.46 ,$322.47 ,"$45,367.03 "
"3125 NE Loop 820  Fort Worth, TX 76110",Acura,Auto - Acura Plant (Floorplan-New) - East,9/15/2025,834,9/15/2025,4/15/2027,2026 Acura ACURAINTEGA-S,Automobile,ACURAINTEGA-S,19UDE4H6XTA000834,,"$39,403.00 ","$39,403.00 ",$0.00 ,,$0.00 ,$0.00 ,$0.00 ,"$39,403.00 ",$0.00 ,$0.00 ,$0.00 ,$0.00 ,$0.00 ,$152.38 ,$0.00 ,$0.00 ,$0.00 ,$152.38 ,$953.66 ,"$39,403.00 "
"3125 NE Loop 820  Fort Worth, TX 76110",Acura,Auto - Acura Plant (Floorplan-New) - East,9/30/2025,841,9/30/2025,4/30/2027,2026 Acura ACURAINTEGA-S,Automobile,ACURAINTEGA-S,19UDE4H67TA000841,,"$39,403.00 ","$39,403.00 ",$0.00 ,,$0.00 ,$0.00 ,$0.00 ,"$39,403.00 ",$0.00 ,$0.00 ,$0.00 ,$0.00 ,$0.00 ,$152.38 ,$0.00 ,$0.00 ,$0.00 ,$152.38 ,$862.05 ,"$39,403.00 "
"3125 NE Loop 820  Fort Worth, TX 76110",Acura,Auto - Acura Plant (Floorplan-New) - East,10/31/2025,902,10/31/2025,5/31/2027,2026 Acura ACURARDXSHWDT,Automobile,ACURARDXSHWDT,5J8TC2H5XTL000902,,"$47,331.60 ","$47,331.60 ",$0.00 ,,$0.00 ,$0.00 ,$0.00 ,"$47,331.60 ",$0.00 ,$0.00 ,$0.00 ,$0.00 ,$0.00 ,$183.04 ,$0.00 ,$0.00 ,$0.00 ,$183.04 ,$813.82 ,"$47,331.60 "
"3125 NE Loop 820  Fort Worth, TX 76110",Acura,Auto - Acura Plant (Floorplan-New) - East,12/18/2025,975,12/18/2025,7/18/2027,2026 Acura MDX,Automobile,MDX,5J8YD8H84TL000975,A7839,"$73,062.50 ","$73,062.50 ",$0.00 ,,"($73,062.50)",$0.00 ,"($73,062.50)",$0.00 ,$0.00 ,$0.00 ,$0.00 ,$0.00 ,$0.00 ,$232.12 ,$0.00 ,$0.00 ,$0.00 ,$232.12 ,$693.99 ,"$60,015.63 "
"3125 NE Loop 820  Fort Worth, TX 76110",Acura,Auto - Acura Plant (Floorplan-New) - East,2/9/2026,1016,2/9/2026,9/9/2027,2026 Acura ACURAINTEGTYP,Automobile,ACURAINTEGTYP,19UDE5G91TA001016,A7911,"$53,373.20 ",$0.00 ,"$53,373.20 ",2/9/2026,"($53,373.20)",$0.00 ,$0.00 ,$0.00 ,$0.00 ,$0.00 ,$0.00 ,$0.00 ,$0.00 ,$66.33 ,$0.00 ,$0.00 ,$0.00 ,$66.33 ,$66.33 ,"$17,155.67 "
"3125 NE Loop 820  Fort Worth, TX 76110",Acura,Auto - Acura Plant (Floorplan-New) - East,10/31/2025,1068,10/31/2025,5/31/2027,2026 Acura ACURARDXSHWDT,Automobile,ACURARDXSHWDT,5J8TC2H59TL001068,A7732,"$47,331.60 ","$47,331.60 ",$0.00 ,,"($47,331.60)",$0.00 ,"($47,331.60)",$0.00 ,$0.00 ,$0.00 ,$0.00 ,$0.00 ,$0.00 ,$26.18 ,$0.00 ,$0.00 ,$0.00 ,$26.18 ,$656.96 ,"$6,761.66 "
"3125 NE Loop 820  Fort Worth, TX 76110",Acura,Auto - Acura Plant (Floorplan-New) - East,2/13/2026,1237,2/13/2026,9/13/2027,2026 Acura ACURAINTEGTYP,Automobile,ACURAINTEGTYP,19UDE5G96TA001237,,"$53,373.20 ",$0.00 ,"$53,373.20 ",2/13/2026,$0.00 ,$0.00 ,"$53,373.20 ","$53,373.20 ",$0.00 ,$0.00 ,$0.00 ,$0.00 ,$0.00 ,$117.93 ,$0.00 ,$0.00 ,$0.00 ,$117.93 ,$117.93 ,"$30,498.97 "
"3125 NE Loop 820  Fort Worth, TX 76110",Acura,Auto - Acura Plant (Floorplan-New) - East,9/26/2025,1369,9/26/2025,4/26/2027,2026 Acura ACURAINTEGA-S,Automobile,ACURAINTEGA-S,19UDE4H63TA001369,,"$39,403.00 ","$39,403.00 ",$0.00 ,,"($39,403.00)",$0.00 ,"($39,403.00)",$0.00 ,$0.00 ,$0.00 ,$0.00 ,$0.00 ,$0.00 ,$136.06 ,$0.00 ,$0.00 ,$0.00 ,$136.06 ,$870.16 ,"$35,181.25 "
"3125 NE Loop 820  Fort Worth, TX 76110",Acura,Auto - Acura Plant (Floorplan-New) - East,3/11/2025,1405,3/11/2025,10/11/2026,2025 Acura ACURATLXTE,Automobile,ACURATLXTE,19UUB5F45SA001405,A7196,"$44,987.00 ","$44,987.00 ",$0.00 ,,"($44,987.00)",$0.00 ,"($44,987.00)",$0.00 ,$0.00 ,$0.00 ,$0.00 ,$0.00 ,$0.00 ,$142.92 ,$0.00 ,$0.00 ,$0.00 ,$142.92 ,"$2,379.62 ","$36,953.61 "
"3125 NE Loop 820  Fort Worth, TX 76110",Acura,Auto - Acura Plant (Floorplan-New) - East,11/4/2025,1412,11/4/2025,6/4/2027,2026 Acura ACURARDXSHWDT,Automobile,ACURARDXSHWDT,5J8TC2H59TL001412,A7741,"$47,331.60 ","$47,331.60 ",$0.00 ,,"($47,331.60)",$0.00 ,"($47,331.60)",$0.00 ,$0.00 ,$0.00 ,$0.00 ,$0.00 ,$0.00 ,$26.18 ,$0.00 ,$0.00 ,$0.00 ,$26.18 ,$628.59 ,"$6,761.66 "
"3125 NE Loop 820  Fort Worth, TX 76110",Acura,Auto - Acura Plant (Floorplan-New) - East,3/24/2025,1591,3/24/2025,10/24/2026,2025 Acura ACURATLXTE,Automobile,ACURATLXTE,19UUB5F46SA001591,,"$44,415.80 ","$44,415.80 ",$0.00 ,,$0.00 ,$0.00 ,$0.00 ,"$44,415.80 ",$0.00 ,$0.00 ,$0.00 ,$0.00 ,$0.00 ,$171.77 ,$0.00 ,$0.00 ,$0.00 ,$171.77 ,"$2,289.93 ","$44,415.80 "
"3125 NE Loop 820  Fort Worth, TX 76110",Acura,Auto - Acura Plant (Floorplan-New) - East,4/1/2025,1728,4/1/2025,11/1/2026,2025 Acura ACURATLXTE,Automobile,ACURATLXTE,19UUB5F47SA001728,,"$44,987.00 ","$44,987.00 ",$0.00 ,,$0.00 ,$0.00 ,$0.00 ,"$44,987.00 ",$0.00 ,$0.00 ,$0.00 ,$0.00 ,$0.00 ,$173.98 ,$0.00 ,$0.00 ,$0.00 ,$173.98 ,"$2,263.13 ","$44,987.00 "
"3125 NE Loop 820  Fort Worth, TX 76110",Acura,Auto - Acura Plant (Floorplan-New) - East,12/5/2025,1774,12/5/2025,7/5/2027,2026 Acura ACURAMDXSHWDT,Automobile,ACURAMDXSHWDT,5J8YD8H8XTL001774,,"$73,062.50 ","$73,062.50 ",$0.00 ,,$0.00 ,$0.00 ,$0.00 ,"$73,062.50 ",$0.00 ,$0.00 ,$0.00 ,$0.00 ,$0.00 ,$282.56 ,$0.00 ,$0.00 ,$0.00 ,$282.56 ,$880.91 ,"$73,062.50 "
"3125 NE Loop 820  Fort Worth, TX 76110",Acura,Auto - Acura Plant (Floorplan-New) - East,10/6/2025,1828,10/6/2025,5/6/2027,2026 Acura ACURAINTEGA-S,Automobile,ACURAINTEGA-S,19UDE4H69TA001828,,"$39,403.00 ","$39,403.00 ",$0.00 ,,$0.00 ,$0.00 ,$0.00 ,"$39,403.00 ",$0.00 ,$0.00 ,$0.00 ,$0.00 ,$0.00 ,$152.38 ,$0.00 ,$0.00 ,$0.00 ,$152.38 ,$826.20 ,"$39,403.00 "
"3125 NE Loop 820  Fort Worth, TX 76110",Acura,Auto - Acura Plant (Floorplan-New) - East,9/26/2025,1878,9/26/2025,4/26/2027,2026 Acura ACURAINTEGA-S,Automobile,ACURAINTEGA-S,19UDE4H35TA001878,,"$36,354.90 ","$36,354.90 ",$0.00 ,,$0.00 ,$0.00 ,$0.00 ,"$36,354.90 ",$0.00 ,$0.00 ,$0.00 ,$0.00 ,$0.00 ,$140.60 ,$0.00 ,$0.00 ,$0.00 ,$140.60 ,$817.90 ,"$36,354.90 "
"3125 NE Loop 820  Fort Worth, TX 76110",Acura,Auto - Acura Plant (Floorplan-New) - East,10/7/2025,1887,10/7/2025,5/7/2027,2026 Acura ACURAMDXTE,Automobile,ACURAMDXTE,5J8YD9H48TL001887,,"$55,797.60 ","$55,797.60 ",$0.00 ,,"($55,797.60)",$0.00 ,"($55,797.60)",$0.00 ,$0.00 ,$0.00 ,$0.00 ,$0.00 ,$0.00 ,$192.67 ,$0.00 ,$0.00 ,$0.00 ,$192.67 ,"$1,138.44 ","$49,819.29 "
"3125 NE Loop 820  Fort Worth, TX 76110",Acura,Auto - Acura Plant (Floorplan-New) - East,10/7/2025,1890,10/7/2025,5/7/2027,2026 Acura ACURAMDXTE,Automobile,ACURAMDXTE,5J8YD9H48TL001890,A7647,"$55,797.60 ","$55,797.60 ",$0.00 ,,"($55,797.60)",$0.00 ,"($55,797.60)",$0.00 ,$0.00 ,$0.00 ,$0.00 ,$0.00 ,$0.00 ,$38.57 ,$0.00 ,$0.00 ,$0.00 ,$38.57 ,$984.34 ,"$9,963.86 "
"3125 NE Loop 820  Fort Worth, TX 76110",Acura,Auto - Acura Plant (Floorplan-New) - East,10/6/2025,2420,10/6/2025,5/6/2027,2026 Acura ACURAINTEGA-S,Automobile,ACURAINTEGA-S,19UDE4H37TA002420,A7640,"$36,354.90 ","$36,354.90 ",$0.00 ,,"($36,354.90)",$0.00 ,"($36,354.90)",$0.00 ,$0.00 ,$0.00 ,$0.00 ,$0.00 ,$0.00 ,$110.48 ,$0.00 ,$0.00 ,$0.00 ,$110.48 ,$732.16 ,"$28,564.56 "
"3125 NE Loop 820  Fort Worth, TX 76110",Acura,Auto - Acura Plant (Floorplan-New) - East,10/6/2025,2567,10/6/2025,5/6/2027,2026 Acura ACURAINTEGA-S,Automobile,ACURAINTEGA-S,19UDE4H34TA002567,,"$36,354.90 ","$36,354.90 ",$0.00 ,,$0.00 ,$0.00 ,$0.00 ,"$36,354.90 ",$0.00 ,$0.00 ,$0.00 ,$0.00 ,$0.00 ,$140.60 ,$0.00 ,$0.00 ,$0.00 ,$140.60 ,$762.28 ,"$36,354.90 "
"3125 NE Loop 820  Fort Worth, TX 76110",Acura,Auto - Acura Plant (Floorplan-New) - East,11/25/2025,2715,11/25/2025,6/25/2027,2026 Acura ACURARDXSHWDA,Automobile,ACURARDXSHWDA,5J8TC2H69TL002715,,"$50,086.20 ","$50,086.20 ",$0.00 ,,"($50,086.20)",$0.00 ,"($50,086.20)",$0.00 ,$0.00 ,$0.00 ,$0.00 ,$0.00 ,$0.00 ,$172.96 ,$0.00 ,$0.00 ,$0.00 ,$172.96 ,$656.04 ,"$44,719.82 "
"3125 NE Loop 820  Fort Worth, TX 76110",Acura,Auto - Acura Plant (Floorplan-New) - East,11/4/2025,2881,11/4/2025,6/4/2027,2026 Acura ACURAMDXTE,Automobile,ACURAMDXTE,5J8YD9H41TL002881,,"$55,797.60 ","$55,797.60 ",$0.00 ,,"($55,797.60)",$0.00 ,"($55,797.60)",$0.00 ,$0.00 ,$0.00 ,$0.00 ,$0.00 ,$0.00 ,$192.67 ,$0.00 ,$0.00 ,$0.00 ,$192.67 ,$902.83 ,"$49,819.29 "
"3125 NE Loop 820  Fort Worth, TX 76110",Acura,Auto - Acura Plant (Floorplan-New) - East,8/7/2025,2949,8/7/2025,3/7/2027,2025 Acura ACURAINTEGTYP,Automobile,ACURAINTEGTYP,19UDE5G94SA002949,,"$52,449.20 ","$52,449.20 ",$0.00 ,,$0.00 ,$0.00 ,$0.00 ,"$52,449.20 ",$0.00 ,$0.00 ,$0.00 ,$0.00 ,$0.00 ,$202.84 ,$0.00 ,$0.00 ,$0.00 ,$202.84 ,"$1,589.27 ","$52,449.20 "
"3125 NE Loop 820  Fort Worth, TX 76110",Acura,Auto - Acura Plant (Floorplan-New) - East,8/5/2025,3003,8/5/2025,3/5/2027,2025 Acura ACURAINTEGTYP,Automobile,ACURAINTEGTYP,19UDE5G94SA003003,,"$52,449.20 ","$52,449.20 ",$0.00 ,,$0.00 ,$0.00 ,$0.00 ,"$52,449.20 ",$0.00 ,$0.00 ,$0.00 ,$0.00 ,$0.00 ,$202.84 ,$0.00 ,$0.00 ,$0.00 ,$202.84 ,"$1,605.75 ","$52,449.20 "
"3125 NE Loop 820  Fort Worth, TX 76110",Acura,Auto - Acura Plant (Floorplan-New) - East,8/5/2025,3006,8/5/2025,3/5/2027,2025 Acura ACURAINTEGTYP,Automobile,ACURAINTEGTYP,19UDE5G9XSA003006,,"$52,449.20 ","$52,449.20 ",$0.00 ,,$0.00 ,$0.00 ,$0.00 ,"$52,449.20 ",$0.00 ,$0.00 ,$0.00 ,$0.00 ,$0.00 ,$202.84 ,$0.00 ,$0.00 ,$0.00 ,$202.84 ,"$1,605.75 ","$52,449.20 "
"3125 NE Loop 820  Fort Worth, TX 76110",Acura,Auto - Acura Plant (Floorplan-New) - East,2/17/2026,3006,2/17/2026,9/17/2027,2026 Acura ACURAMDXSHWDT,Automobile,ACURAMDXSHWDT,5J8YD8H88TL003006,,"$73,162.50 ",$0.00 ,"$73,162.50 ",2/17/2026,$0.00 ,$0.00 ,"$73,162.50 ","$73,162.50 ",$0.00 ,$0.00 ,$0.00 ,$0.00 ,$0.00 ,$121.24 ,$0.00 ,$0.00 ,$0.00 ,$121.24 ,$121.24 ,"$31,355.36 "
"3125 NE Loop 820  Fort Worth, TX 76110",Acura,Auto - Acura Plant (Floorplan-New) - East,2/25/2026,3015,2/25/2026,9/25/2027,2026 Acura ACURAMDXSHWDT,Automobile,ACURAMDXSHWDT,5J8YD8H89TL003015,,"$73,162.50 ",$0.00 ,"$73,162.50 ",2/25/2026,$0.00 ,$0.00 ,"$73,162.50 ","$73,162.50 ",$0.00 ,$0.00 ,$0.00 ,$0.00 ,$0.00 ,$40.41 ,$0.00 ,$0.00 ,$0.00 ,$40.41 ,$40.41 ,"$10,451.79 "
"3125 NE Loop 820  Fort Worth, TX 76110",Acura,Auto - Acura Plant (Floorplan-New) - East,10/14/2025,3060,10/14/2025,5/14/2027,2026 Acura ACURAINTEG,Automobile,ACURAINTEG,19UDE4H29TA003060,A7678,"$34,336.00 ","$34,336.00 ",$0.00 ,,"($34,336.00)",$0.00 ,"($34,336.00)",$0.00 ,$0.00 ,$0.00 ,$0.00 ,$0.00 ,$0.00 ,$47.44 ,$0.00 ,$0.00 ,$0.00 ,$47.44 ,$593.14 ,"$12,262.86 "
"3125 NE Loop 820  Fort Worth, TX 76110",Acura,Auto - Acura Plant (Floorplan-New) - East,1/9/2026,3144,1/9/2026,8/9/2027,2026 Acura INETEGRA,Automobile,INETEGRA,19UDE4H60TA003144,A7681,"$38,827.00 ","$38,827.00 ",$0.00 ,,$0.00 ,$0.00 ,$0.00 ,"$38,827.00 ",$0.00 ,$0.00 ,$0.00 ,$0.00 ,$0.00 ,$150.16 ,$0.00 ,$0.00 ,$0.00 ,$150.16 ,$274.18 ,"$38,827.00 "
"3125 NE Loop 820  Fort Worth, TX 76110",Acura,Auto - Acura Plant (Floorplan-New) - East,12/11/2025,3154,12/11/2025,7/11/2027,2026 Acura RDX,Automobile,RDX,5J8TC2H51TL003154,A7824,"$47,331.60 ","$47,331.60 ",$0.00 ,,"($47,331.60)",$0.00 ,"($47,331.60)",$0.00 ,$0.00 ,$0.00 ,$0.00 ,$0.00 ,$0.00 ,$111.15 ,$0.00 ,$0.00 ,$0.00 ,$111.15 ,$457.97 ,"$28,737.04 "
"3125 NE Loop 820  Fort Worth, TX 76110",Acura,Auto - Acura Plant (Floorplan-New) - East,12/16/2025,3173,12/16/2025,7/16/2027,2026 Acura ACURAMDX,Automobile,ACURAMDX,5J8YD9H32TL003173,,"$52,420.20 ","$52,420.20 ",$0.00 ,,$0.00 ,$0.00 ,$0.00 ,"$52,420.20 ",$0.00 ,$0.00 ,$0.00 ,$0.00 ,$0.00 ,$202.73 ,$0.00 ,$0.00 ,$0.00 ,$202.73 ,$549.17 ,"$52,420.20 "
"3125 NE Loop 820  Fort Worth, TX 76110",Acura,Auto - Acura Plant (Floorplan-New) - East,12/16/2025,3424,12/16/2025,7/16/2027,2026 Acura ACURAMDXTE,Automobile,ACURAMDXTE,5J8YD9H40TL003424,,"$55,797.60 ","$55,797.60 ",$0.00 ,,$0.00 ,$0.00 ,$0.00 ,"$55,797.60 ",$0.00 ,$0.00 ,$0.00 ,$0.00 ,$0.00 ,$215.79 ,$0.00 ,$0.00 ,$0.00 ,$215.79 ,$584.56 ,"$55,797.60 "
"3125 NE Loop 820  Fort Worth, TX 76110",Acura,Auto - Acura Plant (Floorplan-New) - East,12/16/2025,3480,12/16/2025,7/16/2027,2026 Acura ACURAMDXTE,Automobile,ACURAMDXTE,5J8YD9H4XTL003480,,"$55,797.60 ","$55,797.60 ",$0.00 ,,$0.00 ,$0.00 ,$0.00 ,"$55,797.60 ",$0.00 ,$0.00 ,$0.00 ,$0.00 ,$0.00 ,$215.79 ,$0.00 ,$0.00 ,$0.00 ,$215.79 ,$584.56 ,"$55,797.60 "
"3125 NE Loop 820  Fort Worth, TX 76110",Acura,Auto - Acura Plant (Floorplan-New) - East,12/5/2025,3524,12/5/2025,7/5/2027,2026 Acura ACURARDXSHWD,Automobile,ACURARDXSHWD,5J8TC2H49TL003524,A7791,"$45,893.70 ","$45,893.70 ",$0.00 ,,"($45,893.70)",$0.00 ,"($45,893.70)",$0.00 ,$0.00 ,$0.00 ,$0.00 ,$0.00 ,$0.00 ,$107.77 ,$0.00 ,$0.00 ,$0.00 ,$107.77 ,$483.61 ,"$27,864.03 "
"3125 NE Loop 820  Fort Worth, TX 76110",Acura,Auto - Acura Plant (Floorplan-New) - East,10/21/2025,3549,10/21/2025,5/21/2027,2026 Acura ACURAINTEG,Automobile,ACURAINTEG,19UDE4H28TA003549,A7701,"$34,336.00 ","$34,336.00 ",$0.00 ,,"($34,336.00)",$0.00 ,"($34,336.00)",$0.00 ,$0.00 ,$0.00 ,$0.00 ,$0.00 ,$0.00 ,$123.31 ,$0.00 ,$0.00 ,$0.00 ,$123.31 ,$632.72 ,"$31,883.43 "
"3125 NE Loop 820  Fort Worth, TX 76110",Acura,Auto - Acura Plant (Floorplan-New) - East,12/5/2025,3621,12/5/2025,7/5/2027,2026 Acura ACURARDXSHWDT,Automobile,ACURARDXSHWDT,5J8TC2H56TL003621,,"$47,331.60 ","$47,331.60 ",$0.00 ,,$0.00 ,$0.00 ,$0.00 ,"$47,331.60 ",$0.00 ,$0.00 ,$0.00 ,$0.00 ,$0.00 ,$183.04 ,$0.00 ,$0.00 ,$0.00 ,$183.04 ,$570.66 ,"$47,331.60 "
"3125 NE Loop 820  Fort Worth, TX 76110",Acura,Auto - Acura Plant (Floorplan-New) - East,10/21/2025,3698,10/21/2025,5/21/2027,2026 Acura ACURAINTEGA-S,Automobile,ACURAINTEGA-S,19UDE4H32TA003698,,"$36,354.90 ","$36,354.90 ",$0.00 ,,$0.00 ,$0.00 ,$0.00 ,"$36,354.90 ",$0.00 ,$0.00 ,$0.00 ,$0.00 ,$0.00 ,$140.60 ,$0.00 ,$0.00 ,$0.00 ,$140.60 ,$679.97 ,"$36,354.90 "
"3125 NE Loop 820  Fort Worth, TX 76110",Acura,Auto - Acura Plant (Floorplan-New) - East,10/21/2025,3774,10/21/2025,5/21/2027,2026 Acura ACURAINTEGA-S,Automobile,ACURAINTEGA-S,19UDE4H60TA003774,,"$39,403.00 ","$39,403.00 ",$0.00 ,,$0.00 ,$0.00 ,$0.00 ,"$39,403.00 ",$0.00 ,$0.00 ,$0.00 ,$0.00 ,$0.00 ,$152.38 ,$0.00 ,$0.00 ,$0.00 ,$152.38 ,$736.98 ,"$39,403.00 "
"3125 NE Loop 820  Fort Worth, TX 76110",Acura,Auto - Acura Plant (Floorplan-New) - East,10/21/2025,3792,10/21/2025,5/21/2027,2026 Acura ACURAINTEGA-S,Automobile,ACURAINTEGA-S,19UDE4H62TA003792,,"$39,403.00 ","$39,403.00 ",$0.00 ,,"($39,403.00)",$0.00 ,"($39,403.00)",$0.00 ,$0.00 ,$0.00 ,$0.00 ,$0.00 ,$0.00 ,$136.06 ,$0.00 ,$0.00 ,$0.00 ,$136.06 ,$720.66 ,"$35,181.25 "
"3125 NE Loop 820  Fort Worth, TX 76110",Acura,Auto - Acura Plant (Floorplan-New) - East,10/21/2025,3844,10/21/2025,5/21/2027,2026 Acura ACURAINTEGA-S,Automobile,ACURAINTEGA-S,19UDE4H39TA003844,A7716,"$36,354.90 ","$36,354.90 ",$0.00 ,,"($36,354.90)",$0.00 ,"($36,354.90)",$0.00 ,$0.00 ,$0.00 ,$0.00 ,$0.00 ,$0.00 ,$15.09 ,$0.00 ,$0.00 ,$0.00 ,$15.09 ,$554.46 ,"$3,895.17 "
"3125 NE Loop 820  Fort Worth, TX 76110",Acura,Auto - Acura Plant (Floorplan-New) - East,1/22/2026,3976,1/22/2026,8/22/2027,2026 Acura ACURAMDXTE,Automobile,ACURAMDXTE,5J8YD9H46TL003976,,"$55,897.60 ","$55,897.60 ",$0.00 ,,$0.00 ,$0.00 ,$0.00 ,"$55,897.60 ",$0.00 ,$0.00 ,$0.00 ,$0.00 ,$0.00 ,$216.17 ,$0.00 ,$0.00 ,$0.00 ,$216.17 ,$293.80 ,"$55,897.60 "
"3125 NE Loop 820  Fort Worth, TX 76110",Acura,Auto - Acura Plant (Floorplan-New) - East,12/15/2025,4108,12/15/2025,7/15/2027,2026 Acura ACURARDXSHWDA,Automobile,ACURARDXSHWDA,5J8TC2H69TL004108,,"$50,086.20 ","$50,086.20 ",$0.00 ,,$0.00 ,$0.00 ,$0.00 ,"$50,086.20 ",$0.00 ,$0.00 ,$0.00 ,$0.00 ,$0.00 ,$193.71 ,$0.00 ,$0.00 ,$0.00 ,$193.71 ,$531.92 ,"$50,086.20 "
"3125 NE Loop 820  Fort Worth, TX 76110",Acura,Auto - Acura Plant (Floorplan-New) - East,1/21/2026,4126,1/21/2026,8/21/2027,2026 Acura ACURAMDXTE,Automobile,ACURAMDXTE,5J8YD9H48TL004126,,"$55,897.60 ","$55,897.60 ",$0.00 ,,$0.00 ,$0.00 ,$0.00 ,"$55,897.60 ",$0.00 ,$0.00 ,$0.00 ,$0.00 ,$0.00 ,$216.17 ,$0.00 ,$0.00 ,$0.00 ,$216.17 ,$301.56 ,"$55,897.60 "
"3125 NE Loop 820  Fort Worth, TX 76110",Acura,Auto - Acura Plant (Floorplan-New) - East,1/21/2026,4129,1/21/2026,8/21/2027,2026 Acura ACURAMDXTE,Automobile,ACURAMDXTE,5J8YD9H43TL004129,,"$55,897.60 ","$55,897.60 ",$0.00 ,,$0.00 ,$0.00 ,$0.00 ,"$55,897.60 ",$0.00 ,$0.00 ,$0.00 ,$0.00 ,$0.00 ,$216.17 ,$0.00 ,$0.00 ,$0.00 ,$216.17 ,$301.56 ,"$55,897.60 "
"3125 NE Loop 820  Fort Worth, TX 76110",Acura,Auto - Acura Plant (Floorplan-New) - East,10/29/2025,4200,10/29/2025,5/29/2027,2026 Acura ACURAINTEG,Automobile,ACURAINTEG,19UDE4H24TA004200,A7725,"$34,336.00 ","$34,336.00 ",$0.00 ,,"($34,336.00)",$0.00 ,"($34,336.00)",$0.00 ,$0.00 ,$0.00 ,$0.00 ,$0.00 ,$0.00 ,$90.12 ,$0.00 ,$0.00 ,$0.00 ,$90.12 ,$558.07 ,"$23,299.43 "
"3125 NE Loop 820  Fort Worth, TX 76110",Acura,Auto - Acura Plant (Floorplan-New) - East,1/30/2026,4258,1/30/2026,8/30/2027,2026 Acura ACURAMDXTE,Automobile,ACURAMDXTE,5J8YD9H43TL004258,,"$55,897.60 ","$55,897.60 ",$0.00 ,,$0.00 ,$0.00 ,$0.00 ,"$55,897.60 ",$0.00 ,$0.00 ,$0.00 ,$0.00 ,$0.00 ,$216.17 ,$0.00 ,$0.00 ,$0.00 ,$216.17 ,$231.70 ,"$55,897.60 "
"3125 NE Loop 820  Fort Worth, TX 76110",Acura,Auto - Acura Plant (Floorplan-New) - East,1/23/2026,4502,1/23/2026,8/23/2027,2026 Acura RDX,Automobile,RDX,5J8TC2H71TL004502,A7878,"$52,023.00 ","$52,023.00 ",$0.00 ,,"($52,023.00)",$0.00 ,"($52,023.00)",$0.00 ,$0.00 ,$0.00 ,$0.00 ,$0.00 ,$0.00 ,$64.69 ,$0.00 ,$0.00 ,$0.00 ,$64.69 ,$129.71 ,"$16,721.68 "
"3125 NE Loop 820  Fort Worth, TX 76110",Acura,Auto - Acura Plant (Floorplan-New) - East,2/6/2026,4503,2/6/2026,9/6/2027,2026 Acura ACURAMDXTE,Automobile,ACURAMDXTE,5J8YD9H41TL004503,A7919,"$55,897.60 ",$0.00 ,"$55,897.60 ",2/6/2026,"($55,897.60)",$0.00 ,$0.00 ,$0.00 ,$0.00 ,$0.00 ,$0.00 ,$0.00 ,$0.00 ,$162.10 ,$0.00 ,$0.00 ,$0.00 ,$162.10 ,$162.10 ,"$41,923.20 "
"3125 NE Loop 820  Fort Worth, TX 76110",Acura,Auto - Acura Plant (Floorplan-New) - East,12/16/2025,4625,12/16/2025,7/16/2027,2026 Acura ACURARDXSHWDT,Automobile,ACURARDXSHWDT,5J8TC2H58TL004625,A7814,"$47,331.60 ","$47,331.60 ",$0.00 ,,"($47,331.60)",$0.00 ,"($47,331.60)",$0.00 ,$0.00 ,$0.00 ,$0.00 ,$0.00 ,$0.00 ,$52.32 ,$0.00 ,$0.00 ,$0.00 ,$52.32 ,$365.13 ,"$13,523.31 "
"3125 NE Loop 820  Fort Worth, TX 76110",Acura,Auto - Acura Plant (Floorplan-New) - East,2/26/2026,4687,2/26/2026,9/26/2027,2026 Acura ACURAMDXTE,Automobile,ACURAMDXTE,5J8YD9H44TL004687,,"$55,897.60 ",$0.00 ,"$55,897.60 ",2/26/2026,$0.00 ,$0.00 ,"$55,897.60 ","$55,897.60 ",$0.00 ,$0.00 ,$0.00 ,$0.00 ,$0.00 ,$23.16 ,$0.00 ,$0.00 ,$0.00 ,$23.16 ,$23.16 ,"$5,989.03 "
"3125 NE Loop 820  Fort Worth, TX 76110",Acura,Auto - Acura Plant (Floorplan-New) - East,12/23/2025,4898,12/23/2025,7/23/2027,2026 Acura ACURARDXSHWDT,Automobile,ACURARDXSHWDT,5J8TC2H5XTL004898,A7827,"$46,760.40 ","$46,760.40 ",$0.00 ,,"($46,760.40)",$0.00 ,"($46,760.40)",$0.00 ,$0.00 ,$0.00 ,$0.00 ,$0.00 ,$0.00 ,$19.40 ,$0.00 ,$0.00 ,$0.00 ,$19.40 ,$281.41 ,"$5,010.04 "
"3125 NE Loop 820  Fort Worth, TX 76110",Acura,Auto - Acura Plant (Floorplan-New) - East,2/25/2026,4910,2/25/2026,9/25/2027,2026 Acura ACURAMDXTE,Automobile,ACURAMDXTE,5J8YD9H43TL004910,,"$55,897.60 ",$0.00 ,"$55,897.60 ",2/25/2026,$0.00 ,$0.00 ,"$55,897.60 ","$55,897.60 ",$0.00 ,$0.00 ,$0.00 ,$0.00 ,$0.00 ,$30.88 ,$0.00 ,$0.00 ,$0.00 ,$30.88 ,$30.88 ,"$7,985.37 "
"3125 NE Loop 820  Fort Worth, TX 76110",Acura,Auto - Acura Plant (Floorplan-New) - East,2/25/2026,4999,2/25/2026,9/25/2027,2026 Acura ACURAMDXTE,Automobile,ACURAMDXTE,5J8YD9H41TL004999,,"$55,897.60 ",$0.00 ,"$55,897.60 ",2/25/2026,$0.00 ,$0.00 ,"$55,897.60 ","$55,897.60 ",$0.00 ,$0.00 ,$0.00 ,$0.00 ,$0.00 ,$30.88 ,$0.00 ,$0.00 ,$0.00 ,$30.88 ,$30.88 ,"$7,985.37 "
"3125 NE Loop 820  Fort Worth, TX 76110",Acura,Auto - Acura Plant (Floorplan-New) - East,11/4/2025,5064,11/4/2025,6/4/2027,2026 Acura ACURAINTEGA-S,Automobile,ACURAINTEGA-S,19UDE4H61TA005064,,"$39,403.00 ","$39,403.00 ",$0.00 ,,$0.00 ,$0.00 ,$0.00 ,"$39,403.00 ",$0.00 ,$0.00 ,$0.00 ,$0.00 ,$0.00 ,$152.38 ,$0.00 ,$0.00 ,$0.00 ,$152.38 ,$653.86 ,"$39,403.00 "
"3125 NE Loop 820  Fort Worth, TX 76110",Acura,Auto - Acura Plant (Floorplan-New) - East,11/4/2025,5341,11/4/2025,6/4/2027,2026 Acura ACURAINTEG,Automobile,ACURAINTEG,19UDE4H25TA005341,A7753,"$34,336.00 ","$34,336.00 ",$0.00 ,,"($34,336.00)",$0.00 ,"($34,336.00)",$0.00 ,$0.00 ,$0.00 ,$0.00 ,$0.00 ,$0.00 ,$123.31 ,$0.00 ,$0.00 ,$0.00 ,$123.31 ,$560.30 ,"$31,883.43 "
"3125 NE Loop 820  Fort Worth, TX 76110",Acura,Auto - Acura Plant (Floorplan-New) - East,11/4/2025,5390,11/4/2025,6/4/2027,2026 Acura ACURAINTEGA-S,Automobile,ACURAINTEGA-S,19UDE4H63TA005390,,"$39,403.00 ","$39,403.00 ",$0.00 ,,$0.00 ,$0.00 ,$0.00 ,"$39,403.00 ",$0.00 ,$0.00 ,$0.00 ,$0.00 ,$0.00 ,$152.38 ,$0.00 ,$0.00 ,$0.00 ,$152.38 ,$653.86 ,"$39,403.00 "
"3125 NE Loop 820  Fort Worth, TX 76110",Acura,Auto - Acura Plant (Floorplan-New) - East,11/4/2025,5419,11/4/2025,6/4/2027,2026 Acura ACURAINTEGA-S,Automobile,ACURAINTEGA-S,19UDE4H61TA005419,,"$39,403.00 ","$39,403.00 ",$0.00 ,,$0.00 ,$0.00 ,$0.00 ,"$39,403.00 ",$0.00 ,$0.00 ,$0.00 ,$0.00 ,$0.00 ,$152.38 ,$0.00 ,$0.00 ,$0.00 ,$152.38 ,$653.86 ,"$39,403.00 "
"3125 NE Loop 820  Fort Worth, TX 76110",Acura,Auto - Acura Plant (Floorplan-New) - East,11/4/2025,5463,11/4/2025,6/4/2027,2026 Acura ACURAINTEG,Automobile,ACURAINTEG,19UDE4H28TA005463,A7752,"$34,336.00 ","$34,336.00 ",$0.00 ,,"($34,336.00)",$0.00 ,"($34,336.00)",$0.00 ,$0.00 ,$0.00 ,$0.00 ,$0.00 ,$0.00 ,$123.31 ,$0.00 ,$0.00 ,$0.00 ,$123.31 ,$560.30 ,"$31,883.43 "
"3125 NE Loop 820  Fort Worth, TX 76110",Acura,Auto - Acura Plant (Floorplan-New) - East,12/24/2025,5469,12/24/2025,7/24/2027,2026 Acura ACURARDXSHWDA,Automobile,ACURARDXSHWDA,5J8TC2H62TL005469,,"$50,086.20 ","$50,086.20 ",$0.00 ,,"($50,086.20)",$0.00 ,"($50,086.20)",$0.00 ,$0.00 ,$0.00 ,$0.00 ,$0.00 ,$0.00 ,$172.96 ,$0.00 ,$0.00 ,$0.00 ,$172.96 ,$446.40 ,"$44,719.82 "
"3125 NE Loop 820  Fort Worth, TX 76110",Acura,Auto - Acura Plant (Floorplan-New) - East,12/24/2025,5489,12/24/2025,7/24/2027,2026 Acura ACURARDXSHWDA,Automobile,ACURARDXSHWDA,5J8TC2H68TL005489,,"$50,086.20 ","$50,086.20 ",$0.00 ,,$0.00 ,$0.00 ,$0.00 ,"$50,086.20 ",$0.00 ,$0.00 ,$0.00 ,$0.00 ,$0.00 ,$193.71 ,$0.00 ,$0.00 ,$0.00 ,$193.71 ,$467.15 ,"$50,086.20 "
"3125 NE Loop 820  Fort Worth, TX 76110",Acura,Auto - Acura Plant (Floorplan-New) - East,2/13/2026,5629,2/13/2026,9/13/2027,2026 Acura INTEGRA,Automobile,INTEGRA,19UDE4G79TA005629,A7950,"$39,403.00 ",$0.00 ,"$39,403.00 ",2/13/2026,$0.00 ,$0.00 ,"$39,403.00 ","$39,403.00 ",$0.00 ,$0.00 ,$0.00 ,$0.00 ,$0.00 ,$87.06 ,$0.00 ,$0.00 ,$0.00 ,$87.06 ,$87.06 ,"$22,516.00 "
"3125 NE Loop 820  Fort Worth, TX 76110",Acura,Auto - Acura Plant (Floorplan-New) - East,12/31/2025,5714,12/31/2025,7/31/2027,2026 Acura ACURARDXSHWD,Automobile,ACURARDXSHWD,5J8TC2H42TL005714,,"$45,893.70 ","$45,893.70 ",$0.00 ,,$0.00 ,$0.00 ,$0.00 ,"$45,893.70 ",$0.00 ,$0.00 ,$0.00 ,$0.00 ,$0.00 ,$177.48 ,$0.00 ,$0.00 ,$0.00 ,$177.48 ,$381.86 ,"$45,893.70 "
"3125 NE Loop 820  Fort Worth, TX 76110",Acura,Auto - Acura Plant (Floorplan-New) - East,11/18/2025,5756,11/18/2025,6/18/2027,2026 Acura ACURAINTEGA-S,Automobile,ACURAINTEGA-S,19UDE4H30TA005756,,"$36,354.90 ","$36,354.90 ",$0.00 ,,$0.00 ,$0.00 ,$0.00 ,"$36,354.90 ",$0.00 ,$0.00 ,$0.00 ,$0.00 ,$0.00 ,$140.60 ,$0.00 ,$0.00 ,$0.00 ,$140.60 ,$528.58 ,"$36,354.90 "
"3125 NE Loop 820  Fort Worth, TX 76110",Acura,Auto - Acura Plant (Floorplan-New) - East,1/15/2026,5861,1/15/2026,8/15/2027,2026 Acura RDX,Automobile,RDX,5J8TC2H71TL005861,A7885,"$52,023.00 ","$52,023.00 ",$0.00 ,,"($52,023.00)",$0.00 ,"($52,023.00)",$0.00 ,$0.00 ,$0.00 ,$0.00 ,$0.00 ,$0.00 ,$122.16 ,$0.00 ,$0.00 ,$0.00 ,$122.16 ,$244.98 ,"$31,585.39 "
"3125 NE Loop 820  Fort Worth, TX 76110",Acura,Auto - Acura Plant (Floorplan-New) - East,12/2/2025,5863,12/2/2025,7/2/2027,2026 Acura ACURAINTEGA-S,Automobile,ACURAINTEGA-S,19UDE4H31TA005863,,"$36,354.90 ","$36,354.90 ",$0.00 ,,$0.00 ,$0.00 ,$0.00 ,"$36,354.90 ",$0.00 ,$0.00 ,$0.00 ,$0.00 ,$0.00 ,$140.60 ,$0.00 ,$0.00 ,$0.00 ,$140.60 ,$453.99 ,"$36,354.90 "
"3125 NE Loop 820  Fort Worth, TX 76110",Acura,Auto - Acura Plant (Floorplan-New) - East,12/31/2025,5963,12/31/2025,7/31/2027,2026 Acura ACURARDXSHWD,Automobile,ACURARDXSHWD,5J8TC2H41TL005963,,"$45,893.70 ","$45,893.70 ",$0.00 ,,"($45,893.70)",$0.00 ,"($45,893.70)",$0.00 ,$0.00 ,$0.00 ,$0.00 ,$0.00 ,$0.00 ,$158.47 ,$0.00 ,$0.00 ,$0.00 ,$158.47 ,$362.85 ,"$40,976.52 "
"3125 NE Loop 820  Fort Worth, TX 76110",Acura,Auto - Acura Plant (Floorplan-New) - East,9/5/2025,5994,9/5/2025,4/5/2027,2026 Acura ACURAMDXSHWDA,Automobile,ACURAMDXSHWDA,5J8YE1H02TL005994,,"$60,006.00 ","$60,006.00 ",$0.00 ,,$0.00 ,$0.00 ,$0.00 ,"$60,006.00 ",$0.00 ,$0.00 ,$0.00 ,$0.00 ,$0.00 ,$232.06 ,$0.00 ,$0.00 ,$0.00 ,$232.06 ,"$1,545.32 ","$60,006.00 "
"3125 NE Loop 820  Fort Worth, TX 76110",Acura,Auto - Acura Plant (Floorplan-New) - East,11/25/2025,6075,11/25/2025,6/25/2027,2026 Acura ACURAINTEGA-S,Automobile,ACURAINTEGA-S,19UDE4H60TA006075,,"$39,403.00 ","$39,403.00 ",$0.00 ,,$0.00 ,$0.00 ,$0.00 ,"$39,403.00 ",$0.00 ,$0.00 ,$0.00 ,$0.00 ,$0.00 ,$152.38 ,$0.00 ,$0.00 ,$0.00 ,$152.38 ,$532.41 ,"$39,403.00 "
"3125 NE Loop 820  Fort Worth, TX 76110",Acura,Auto - Acura Plant (Floorplan-New) - East,12/30/2025,6270,12/30/2025,7/30/2027,2026 Acura ACURARDXSHWDT,Automobile,ACURARDXSHWDT,5J8TC2H57TL006270,A7850,"$47,331.60 ","$47,331.60 ",$0.00 ,,"($47,331.60)",$0.00 ,"($47,331.60)",$0.00 ,$0.00 ,$0.00 ,$0.00 ,$0.00 ,$0.00 ,$169.97 ,$0.00 ,$0.00 ,$0.00 ,$169.97 ,$387.57 ,"$43,950.77 "
"3125 NE Loop 820  Fort Worth, TX 76110",Acura,Auto - Acura Plant (Floorplan-New) - East,1/14/2026,6291,1/14/2026,8/14/2027,2026 Acura ACURARDXSHWDT,Automobile,ACURARDXSHWDT,5J8TC2H54TL006291,,"$47,331.60 ","$47,331.60 ",$0.00 ,,$0.00 ,$0.00 ,$0.00 ,"$47,331.60 ",$0.00 ,$0.00 ,$0.00 ,$0.00 ,$0.00 ,$183.04 ,$0.00 ,$0.00 ,$0.00 ,$183.04 ,$301.36 ,"$47,331.60 "
"3125 NE Loop 820  Fort Worth, TX 76110",Acura,Auto - Acura Plant (Floorplan-New) - East,1/14/2026,6346,1/14/2026,8/14/2027,2026 Acura ACURARDXSHWDT,Automobile,ACURARDXSHWDT,5J8TC2H53TL006346,,"$47,331.60 ","$47,331.60 ",$0.00 ,,$0.00 ,$0.00 ,$0.00 ,"$47,331.60 ",$0.00 ,$0.00 ,$0.00 ,$0.00 ,$0.00 ,$183.04 ,$0.00 ,$0.00 ,$0.00 ,$183.04 ,$301.36 ,"$47,331.60 "
"3125 NE Loop 820  Fort Worth, TX 76110",Acura,Auto - Acura Plant (Floorplan-New) - East,12/16/2025,6421,12/16/2025,7/16/2027,2026 Acura ACURAINTEGA-S,Automobile,ACURAINTEGA-S,19UDE4H64TA006421,,"$39,403.00 ","$39,403.00 ",$0.00 ,,$0.00 ,$0.00 ,$0.00 ,"$39,403.00 ",$0.00 ,$0.00 ,$0.00 ,$0.00 ,$0.00 ,$152.38 ,$0.00 ,$0.00 ,$0.00 ,$152.38 ,$412.79 ,"$39,403.00 "
"3125 NE Loop 820  Fort Worth, TX 76110",Acura,Auto - Acura Plant (Floorplan-New) - East,12/16/2025,6445,12/16/2025,7/16/2027,2026 Acura ACURAINTEGA-S,Automobile,ACURAINTEGA-S,19UDE4H67TA006445,,"$39,403.00 ","$39,403.00 ",$0.00 ,,$0.00 ,$0.00 ,$0.00 ,"$39,403.00 ",$0.00 ,$0.00 ,$0.00 ,$0.00 ,$0.00 ,$152.38 ,$0.00 ,$0.00 ,$0.00 ,$152.38 ,$412.79 ,"$39,403.00 "
"3125 NE Loop 820  Fort Worth, TX 76110",Acura,Auto - Acura Plant (Floorplan-New) - East,12/30/2025,6488,12/30/2025,7/30/2027,2026 Acura ACURAINTEGA-S,Automobile,ACURAINTEGA-S,19UDE4H36TA006488,A7825,"$36,354.90 ","$36,354.90 ",$0.00 ,,"($36,354.90)",$0.00 ,"($36,354.90)",$0.00 ,$0.00 ,$0.00 ,$0.00 ,$0.00 ,$0.00 ,$85.37 ,$0.00 ,$0.00 ,$0.00 ,$85.37 ,$252.50 ,"$22,072.62 "
"3125 NE Loop 820  Fort Worth, TX 76110",Acura,Auto - Acura Plant (Floorplan-New) - East,12/24/2025,7011,12/24/2025,7/24/2027,2026 Acura ACURAINTEGA-S,Automobile,ACURAINTEGA-S,19UDE4H34TA007011,A7840,"$36,354.90 ","$36,354.90 ",$0.00 ,,"($36,354.90)",$0.00 ,"($36,354.90)",$0.00 ,$0.00 ,$0.00 ,$0.00 ,$0.00 ,$0.00 ,$55.25 ,$0.00 ,$0.00 ,$0.00 ,$55.25 ,$253.72 ,"$14,282.28 "
"3125 NE Loop 820  Fort Worth, TX 76110",Acura,Auto - Acura Plant (Floorplan-New) - East,12/30/2025,7120,12/30/2025,7/30/2027,2026 Acura ACURAINTEGA-S,Automobile,ACURAINTEGA-S,19UDE4H66TA007120,A7838,"$39,403.00 ","$39,403.00 ",$0.00 ,,"($39,403.00)",$0.00 ,"($39,403.00)",$0.00 ,$0.00 ,$0.00 ,$0.00 ,$0.00 ,$0.00 ,$27.23 ,$0.00 ,$0.00 ,$0.00 ,$27.23 ,$208.37 ,"$7,036.25 "
"3125 NE Loop 820  Fort Worth, TX 76110",Acura,Auto - Acura Plant (Floorplan-New) - East,12/31/2025,7195,12/31/2025,7/31/2027,2026 Acura ACURAINTEGA-S,Automobile,ACURAINTEGA-S,19UDE4H64TA007195,,"$38,827.00 ","$38,827.00 ",$0.00 ,,$0.00 ,$0.00 ,$0.00 ,"$38,827.00 ",$0.00 ,$0.00 ,$0.00 ,$0.00 ,$0.00 ,$150.16 ,$0.00 ,$0.00 ,$0.00 ,$150.16 ,$323.08 ,"$38,827.00 "
"3125 NE Loop 820  Fort Worth, TX 76110",Acura,Auto - Acura Plant (Floorplan-New) - East,12/24/2025,7198,12/24/2025,7/24/2027,2026 Acura ACURAINTEGA-S,Automobile,ACURAINTEGA-S,19UDE4H6XTA007198,,"$38,827.00 ","$38,827.00 ",$0.00 ,,$0.00 ,$0.00 ,$0.00 ,"$38,827.00 ",$0.00 ,$0.00 ,$0.00 ,$0.00 ,$0.00 ,$150.16 ,$0.00 ,$0.00 ,$0.00 ,$150.16 ,$362.13 ,"$38,827.00 "
"3125 NE Loop 820  Fort Worth, TX 76110",Acura,Auto - Acura Plant (Floorplan-New) - East,1/12/2026,7397,1/12/2026,8/12/2027,2026 Acura ACURARDXSHWDA,Automobile,ACURARDXSHWDA,5J8TC2H62TL007397,,"$50,086.20 ","$50,086.20 ",$0.00 ,,$0.00 ,$0.00 ,$0.00 ,"$50,086.20 ",$0.00 ,$0.00 ,$0.00 ,$0.00 ,$0.00 ,$193.71 ,$0.00 ,$0.00 ,$0.00 ,$193.71 ,$332.82 ,"$50,086.20 "
"3125 NE Loop 820  Fort Worth, TX 76110",Acura,Auto - Acura Plant (Floorplan-New) - East,12/31/2025,7528,12/31/2025,7/31/2027,2026 Acura ACURAINTEGA-S,Automobile,ACURAINTEGA-S,19UDE4G72TA007528,,"$39,403.00 ","$39,403.00 ",$0.00 ,,$0.00 ,$0.00 ,$0.00 ,"$39,403.00 ",$0.00 ,$0.00 ,$0.00 ,$0.00 ,$0.00 ,$152.38 ,$0.00 ,$0.00 ,$0.00 ,$152.38 ,$327.86 ,"$39,403.00 "
"3125 NE Loop 820  Fort Worth, TX 76110",Acura,Auto - Acura Plant (Floorplan-New) - East,9/30/2025,7934,9/30/2025,4/30/2027,2026 Acura ACURAMDXSHWDA,Automobile,ACURAMDXSHWDA,5J8YE1H97TL007934,,"$66,543.40 ","$66,543.40 ",$0.00 ,,"($66,543.40)",$0.00 ,"($66,543.40)",$0.00 ,$0.00 ,$0.00 ,$0.00 ,$0.00 ,$0.00 ,$229.78 ,$0.00 ,$0.00 ,$0.00 ,$229.78 ,"$1,428.25 ","$59,413.75 "
"3125 NE Loop 820  Fort Worth, TX 76110",Acura,Auto - Acura Plant (Floorplan-New) - East,2/13/2026,8039,2/13/2026,9/13/2027,2026 Acura ACURARDXSHWDA,Automobile,ACURARDXSHWDA,5J8TC2H81TL008039,A7922,"$54,019.00 ",$0.00 ,"$54,019.00 ",2/13/2026,"($54,019.00)",$0.00 ,$0.00 ,$0.00 ,$0.00 ,$0.00 ,$0.00 ,$0.00 ,$0.00 ,$82.06 ,$0.00 ,$0.00 ,$0.00 ,$82.06 ,$82.06 ,"$21,221.75 "
"3125 NE Loop 820  Fort Worth, TX 76110",Acura,Auto - Acura Plant (Floorplan-New) - East,1/22/2026,8277,1/22/2026,8/22/2027,2026 Acura ACURAINTEGA-S,Automobile,ACURAINTEGA-S,19UDE4H60TA008277,,"$39,503.00 ","$39,503.00 ",$0.00 ,,$0.00 ,$0.00 ,$0.00 ,"$39,503.00 ",$0.00 ,$0.00 ,$0.00 ,$0.00 ,$0.00 ,$152.78 ,$0.00 ,$0.00 ,$0.00 ,$152.78 ,$207.64 ,"$39,503.00 "
"3125 NE Loop 820  Fort Worth, TX 76110",Acura,Auto - Acura Plant (Floorplan-New) - East,1/22/2026,8279,1/22/2026,8/22/2027,2026 Acura ACURAINTEGA-S,Automobile,ACURAINTEGA-S,19UDE4H64TA008279,,"$39,503.00 ","$39,503.00 ",$0.00 ,,$0.00 ,$0.00 ,$0.00 ,"$39,503.00 ",$0.00 ,$0.00 ,$0.00 ,$0.00 ,$0.00 ,$152.78 ,$0.00 ,$0.00 ,$0.00 ,$152.78 ,$207.64 ,"$39,503.00 "
"3125 NE Loop 820  Fort Worth, TX 76110",Acura,Auto - Acura Plant (Floorplan-New) - East,1/22/2026,8409,1/22/2026,8/22/2027,2026 Acura ACURAINTEGA-S,Automobile,ACURAINTEGA-S,19UDE4H62TA008409,,"$39,503.00 ","$39,503.00 ",$0.00 ,,$0.00 ,$0.00 ,$0.00 ,"$39,503.00 ",$0.00 ,$0.00 ,$0.00 ,$0.00 ,$0.00 ,$152.78 ,$0.00 ,$0.00 ,$0.00 ,$152.78 ,$207.64 ,"$39,503.00 "
"3125 NE Loop 820  Fort Worth, TX 76110",Acura,Auto - Acura Plant (Floorplan-New) - East,1/22/2026,8435,1/22/2026,8/22/2027,2026 Acura ACURAINTEGA-S,Automobile,ACURAINTEGA-S,19UDE4H63TA008435,,"$39,503.00 ","$39,503.00 ",$0.00 ,,$0.00 ,$0.00 ,$0.00 ,"$39,503.00 ",$0.00 ,$0.00 ,$0.00 ,$0.00 ,$0.00 ,$152.78 ,$0.00 ,$0.00 ,$0.00 ,$152.78 ,$207.64 ,"$39,503.00 "
"3125 NE Loop 820  Fort Worth, TX 76110",Acura,Auto - Acura Plant (Floorplan-New) - East,1/22/2026,8453,1/22/2026,8/22/2027,2026 Acura ACURAINTEG,Automobile,ACURAINTEG,19UDE4H29TA008453,,"$34,436.00 ","$34,436.00 ",$0.00 ,,$0.00 ,$0.00 ,$0.00 ,"$34,436.00 ",$0.00 ,$0.00 ,$0.00 ,$0.00 ,$0.00 ,$133.17 ,$0.00 ,$0.00 ,$0.00 ,$133.17 ,$180.99 ,"$34,436.00 "
"3125 NE Loop 820  Fort Worth, TX 76110",Acura,Auto - Acura Plant (Floorplan-New) - East,1/22/2026,8557,1/22/2026,8/22/2027,2026 Acura ACURAINTEG,Automobile,ACURAINTEG,19UDE4H2XTA008557,,"$34,436.00 ","$34,436.00 ",$0.00 ,,$0.00 ,$0.00 ,$0.00 ,"$34,436.00 ",$0.00 ,$0.00 ,$0.00 ,$0.00 ,$0.00 ,$133.17 ,$0.00 ,$0.00 ,$0.00 ,$133.17 ,$180.99 ,"$34,436.00 "
"3125 NE Loop 820  Fort Worth, TX 76110",Acura,Auto - Acura Plant (Floorplan-New) - East,2/6/2026,8652,2/6/2026,9/6/2027,2026 Acura ACURARDXSHWDA,Automobile,ACURARDXSHWDA,5J8TC2H68TL008652,,"$50,186.20 ",$0.00 ,"$50,186.20 ",2/6/2026,$0.00 ,$0.00 ,"$50,186.20 ","$50,186.20 ",$0.00 ,$0.00 ,$0.00 ,$0.00 ,$0.00 ,$159.40 ,$0.00 ,$0.00 ,$0.00 ,$159.40 ,$159.40 ,"$41,224.38 "
"3125 NE Loop 820  Fort Worth, TX 76110",Acura,Auto - Acura Plant (Floorplan-New) - East,2/6/2026,8764,2/6/2026,9/6/2027,2026 Acura ACURARDXSHWDA,Automobile,ACURARDXSHWDA,5J8TC2H77TL008764,A7900,"$52,123.00 ",$0.00 ,"$52,123.00 ",2/6/2026,"($52,123.00)",$0.00 ,$0.00 ,$0.00 ,$0.00 ,$0.00 ,$0.00 ,$0.00 ,$0.00 ,$151.15 ,$0.00 ,$0.00 ,$0.00 ,$151.15 ,$151.15 ,"$39,092.25 "
"3125 NE Loop 820  Fort Worth, TX 76110",Acura,Auto - Acura Plant (Floorplan-New) - East,2/13/2026,9114,2/13/2026,9/13/2027,2026 Acura ACURARDXSHWDT,Automobile,ACURARDXSHWDT,5J8TC2H58TL009114,A7936,"$47,431.60 ",$0.00 ,"$47,431.60 ",2/13/2026,"($47,431.60)",$0.00 ,$0.00 ,$0.00 ,$0.00 ,$0.00 ,$0.00 ,$0.00 ,$0.00 ,$78.60 ,$0.00 ,$0.00 ,$0.00 ,$78.60 ,$78.60 ,"$20,327.83 "
"3125 NE Loop 820  Fort Worth, TX 76110",Acura,Auto - Acura Plant (Floorplan-New) - East,2/4/2026,9115,2/4/2026,9/4/2027,2026 Acura ACURARDXSHWDT,Automobile,ACURARDXSHWDT,5J8TC2H5XTL009115,,"$47,431.60 ",$0.00 ,"$47,431.60 ",2/4/2026,$0.00 ,$0.00 ,"$47,431.60 ","$47,431.60 ",$0.00 ,$0.00 ,$0.00 ,$0.00 ,$0.00 ,$163.75 ,$0.00 ,$0.00 ,$0.00 ,$163.75 ,$163.75 ,"$42,349.64 "
"3125 NE Loop 820  Fort Worth, TX 76110",Acura,Auto - Acura Plant (Floorplan-New) - East,2/6/2026,9148,2/6/2026,9/6/2027,2026 Acura ACURAINTEGA-S,Automobile,ACURAINTEGA-S,19UDE4H38TA009148,,"$36,454.90 ",$0.00 ,"$36,454.90 ",2/6/2026,$0.00 ,$0.00 ,"$36,454.90 ","$36,454.90 ",$0.00 ,$0.00 ,$0.00 ,$0.00 ,$0.00 ,$115.78 ,$0.00 ,$0.00 ,$0.00 ,$115.78 ,$115.78 ,"$29,945.10 "
"3125 NE Loop 820  Fort Worth, TX 76110",Acura,Auto - Acura Plant (Floorplan-New) - East,2/13/2026,9195,2/13/2026,9/13/2027,2026 Acura ACURARDXSHWD,Automobile,ACURARDXSHWD,5J8TC2H42TL009195,,"$45,993.70 ",$0.00 ,"$45,993.70 ",2/13/2026,$0.00 ,$0.00 ,"$45,993.70 ","$45,993.70 ",$0.00 ,$0.00 ,$0.00 ,$0.00 ,$0.00 ,$101.62 ,$0.00 ,$0.00 ,$0.00 ,$101.62 ,$101.62 ,"$26,282.11 "
"3125 NE Loop 820  Fort Worth, TX 76110",Acura,Auto - Acura Plant (Floorplan-New) - East,2/9/2026,9235,2/9/2026,9/9/2027,2026 Acura ACURAINTEG,Automobile,ACURAINTEG,19UDE4H24TA009235,,"$34,781.00 ",$0.00 ,"$34,781.00 ",2/9/2026,$0.00 ,$0.00 ,"$34,781.00 ","$34,781.00 ",$0.00 ,$0.00 ,$0.00 ,$0.00 ,$0.00 ,$96.06 ,$0.00 ,$0.00 ,$0.00 ,$96.06 ,$96.06 ,"$24,843.57 "
"3125 NE Loop 820  Fort Worth, TX 76110",Acura,Auto - Acura Plant (Floorplan-New) - East,2/13/2026,9370,2/13/2026,9/13/2027,2026 Acura ACURARDXSHWDA,Automobile,ACURARDXSHWDA,5J8TC2H72TL009370,A7920,"$52,123.00 ",$0.00 ,"$52,123.00 ",2/13/2026,"($52,123.00)",$0.00 ,$0.00 ,$0.00 ,$0.00 ,$0.00 ,$0.00 ,$0.00 ,$0.00 ,$50.38 ,$0.00 ,$0.00 ,$0.00 ,$50.38 ,$50.38 ,"$13,030.75 "
"3125 NE Loop 820  Fort Worth, TX 76110",Acura,Auto - Acura Plant (Floorplan-New) - East,10/7/2025,9392,10/7/2025,5/7/2027,2026 Acura ACURAMDXSHWDA,Automobile,ACURAMDXSHWDA,5J8YE1H97TL009392,,"$66,543.40 ","$66,543.40 ",$0.00 ,,$0.00 ,$0.00 ,$0.00 ,"$66,543.40 ",$0.00 ,$0.00 ,$0.00 ,$0.00 ,$0.00 ,$257.35 ,$0.00 ,$0.00 ,$0.00 ,$257.35 ,"$1,385.24 ","$66,543.40 "
"3125 NE Loop 820  Fort Worth, TX 76110",Acura,Auto - Acura Plant (Floorplan-New) - East,2/9/2026,9397,2/9/2026,9/9/2027,2026 Acura ACURAINTEGA-S,Automobile,ACURAINTEGA-S,19UDE4H64TA009397,,"$39,503.00 ",$0.00 ,"$39,503.00 ",2/9/2026,$0.00 ,$0.00 ,"$39,503.00 ","$39,503.00 ",$0.00 ,$0.00 ,$0.00 ,$0.00 ,$0.00 ,$109.10 ,$0.00 ,$0.00 ,$0.00 ,$109.10 ,$109.10 ,"$28,216.43 "
"3125 NE Loop 820  Fort Worth, TX 76110",Acura,Auto - Acura Plant (Floorplan-New) - East,2/9/2026,9423,2/9/2026,9/9/2027,2026 Acura ACURAINTEG,Automobile,ACURAINTEG,19UDE4H25TA009423,,"$34,436.00 ",$0.00 ,"$34,436.00 ",2/9/2026,$0.00 ,$0.00 ,"$34,436.00 ","$34,436.00 ",$0.00 ,$0.00 ,$0.00 ,$0.00 ,$0.00 ,$95.11 ,$0.00 ,$0.00 ,$0.00 ,$95.11 ,$95.11 ,"$24,597.14 "
"3125 NE Loop 820  Fort Worth, TX 76110",Acura,Auto - Acura Plant (Floorplan-New) - East,2/9/2026,9495,2/9/2026,9/9/2027,2026 Acura ACURAINTEGA-S,Automobile,ACURAINTEGA-S,19UDE4H64TA009495,A7908,"$39,503.00 ",$0.00 ,"$39,503.00 ",2/9/2026,"($39,503.00)",$0.00 ,$0.00 ,$0.00 ,$0.00 ,$0.00 ,$0.00 ,$0.00 ,$0.00 ,$49.10 ,$0.00 ,$0.00 ,$0.00 ,$49.10 ,$49.10 ,"$12,697.39 "
"3125 NE Loop 820  Fort Worth, TX 76110",Acura,Auto - Acura Plant (Floorplan-New) - East,2/6/2026,9664,2/6/2026,9/6/2027,2026 Acura ACURAINTEGA-S,Automobile,ACURAINTEGA-S,19UDE4G79TA009664,A7916,"$39,848.00 ",$0.00 ,"$39,848.00 ",2/6/2026,"($39,848.00)",$0.00 ,$0.00 ,$0.00 ,$0.00 ,$0.00 ,$0.00 ,$0.00 ,$0.00 ,$77.04 ,$0.00 ,$0.00 ,$0.00 ,$77.04 ,$77.04 ,"$19,924.00 "
"3125 NE Loop 820  Fort Worth, TX 76110",Acura,Auto - Acura Plant (Floorplan-New) - East,2/25/2026,10118,2/25/2026,9/25/2027,2026 Acura ACURARDXSHWDT,Automobile,ACURARDXSHWDT,5J8TC2H5XTL010118,,"$47,431.60 ",$0.00 ,"$47,431.60 ",2/25/2026,$0.00 ,$0.00 ,"$47,431.60 ","$47,431.60 ",$0.00 ,$0.00 ,$0.00 ,$0.00 ,$0.00 ,$26.20 ,$0.00 ,$0.00 ,$0.00 ,$26.20 ,$26.20 ,"$6,775.94 "
"3125 NE Loop 820  Fort Worth, TX 76110",Acura,Auto - Acura Plant (Floorplan-New) - East,2/13/2026,10226,2/13/2026,9/13/2027,2026 Acura ACURAINTEGA-S,Automobile,ACURAINTEGA-S,19UDE4H64TA010226,,"$39,503.00 ",$0.00 ,"$39,503.00 ",2/13/2026,$0.00 ,$0.00 ,"$39,503.00 ","$39,503.00 ",$0.00 ,$0.00 ,$0.00 ,$0.00 ,$0.00 ,$87.28 ,$0.00 ,$0.00 ,$0.00 ,$87.28 ,$87.28 ,"$22,573.14 "
"3125 NE Loop 820  Fort Worth, TX 76110",Acura,Auto - Acura Plant (Floorplan-New) - East,10/14/2025,10351,10/14/2025,5/14/2027,2026 Acura ACURAMDXSHWDA,Automobile,ACURAMDXSHWDA,5J8YE1H07TL010351,,"$60,571.20 ","$60,571.20 ",$0.00 ,,$0.00 ,$0.00 ,$0.00 ,"$60,571.20 ",$0.00 ,$0.00 ,$0.00 ,$0.00 ,$0.00 ,$234.25 ,$0.00 ,$0.00 ,$0.00 ,$234.25 ,"$1,196.90 ","$60,571.20 "
"3125 NE Loop 820  Fort Worth, TX 76110",Acura,Auto - Acura Plant (Floorplan-New) - East,2/13/2026,10584,2/13/2026,9/13/2027,2026 Acura ACURAINTEGA-S,Automobile,ACURAINTEGA-S,19UDE4H30TA010584,,"$36,454.90 ",$0.00 ,"$36,454.90 ",2/13/2026,$0.00 ,$0.00 ,"$36,454.90 ","$36,454.90 ",$0.00 ,$0.00 ,$0.00 ,$0.00 ,$0.00 ,$80.55 ,$0.00 ,$0.00 ,$0.00 ,$80.55 ,$80.55 ,"$20,831.37 "
"3125 NE Loop 820  Fort Worth, TX 76110",Acura,Auto - Acura Plant (Floorplan-New) - East,2/17/2026,10700,2/17/2026,9/17/2027,2026 Acura ACURARDXSHWDA,Automobile,ACURARDXSHWDA,5J8TC2H81TL010700,,"$54,019.00 ",$0.00 ,"$54,019.00 ",2/17/2026,$0.00 ,$0.00 ,"$54,019.00 ","$54,019.00 ",$0.00 ,$0.00 ,$0.00 ,$0.00 ,$0.00 ,$89.51 ,$0.00 ,$0.00 ,$0.00 ,$89.51 ,$89.51 ,"$23,151.00 "
"3125 NE Loop 820  Fort Worth, TX 76110",Acura,Auto - Acura Plant (Floorplan-New) - East,10/14/2025,10765,10/14/2025,5/14/2027,2026 Acura ACURAMDXSHWDT,Automobile,ACURAMDXSHWDT,5J8YE1H48TL010765,,"$57,304.80 ","$57,304.80 ",$0.00 ,,$0.00 ,$0.00 ,$0.00 ,"$57,304.80 ",$0.00 ,$0.00 ,$0.00 ,$0.00 ,$0.00 ,$221.62 ,$0.00 ,$0.00 ,$0.00 ,$221.62 ,"$1,132.37 ","$57,304.80 "
"3125 NE Loop 820  Fort Worth, TX 76110",Acura,Auto - Acura Plant (Floorplan-New) - East,2/13/2026,10774,2/13/2026,9/13/2027,2026 Acura ACURAINTEGA-S,Automobile,ACURAINTEGA-S,19UDE4H62TA010774,,"$39,503.00 ",$0.00 ,"$39,503.00 ",2/13/2026,$0.00 ,$0.00 ,"$39,503.00 ","$39,503.00 ",$0.00 ,$0.00 ,$0.00 ,$0.00 ,$0.00 ,$87.28 ,$0.00 ,$0.00 ,$0.00 ,$87.28 ,$87.28 ,"$22,573.14 "
"3125 NE Loop 820  Fort Worth, TX 76110",Acura,Auto - Acura Plant (Floorplan-New) - East,2/17/2026,10914,2/17/2026,9/17/2027,2026 Acura ACURARDXSHWDT,Automobile,ACURARDXSHWDT,5J8TC2H51TL010914,A7946,"$46,860.40 ",$0.00 ,"$46,860.40 ",2/17/2026,"($46,860.40)",$0.00 ,$0.00 ,$0.00 ,$0.00 ,$0.00 ,$0.00 ,$0.00 ,$0.00 ,$64.71 ,$0.00 ,$0.00 ,$0.00 ,$64.71 ,$64.71 ,"$16,735.86 "
"3125 NE Loop 820  Fort Worth, TX 76110",Acura,Auto - Acura Plant (Floorplan-New) - East,2/17/2026,10938,2/17/2026,9/17/2027,2026 Acura ACURAINTEG,Automobile,ACURAINTEG,19UDE4H2XTA010938,,"$34,436.00 ",$0.00 ,"$34,436.00 ",2/17/2026,$0.00 ,$0.00 ,"$34,436.00 ","$34,436.00 ",$0.00 ,$0.00 ,$0.00 ,$0.00 ,$0.00 ,$57.06 ,$0.00 ,$0.00 ,$0.00 ,$57.06 ,$57.06 ,"$14,758.29 "
"3125 NE Loop 820  Fort Worth, TX 76110",Acura,Auto - Acura Plant (Floorplan-New) - East,10/21/2025,11862,10/21/2025,5/21/2027,2026 Acura ACURAMDXSHWDA,Automobile,ACURAMDXSHWDA,5J8YE1H04TL011862,,"$60,571.20 ","$60,571.20 ",$0.00 ,,$0.00 ,$0.00 ,$0.00 ,"$60,571.20 ",$0.00 ,$0.00 ,$0.00 ,$0.00 ,$0.00 ,$234.25 ,$0.00 ,$0.00 ,$0.00 ,$234.25 ,"$1,132.90 ","$60,571.20 "
"3125 NE Loop 820  Fort Worth, TX 76110",Acura,Auto - Acura Plant (Floorplan-New) - East,2/23/2026,11874,2/23/2026,9/23/2027,2026 Acura ACURARDXSHWDT,Automobile,ACURARDXSHWDT,5J8TC2H59TL011874,,"$47,431.60 ",$0.00 ,"$47,431.60 ",2/23/2026,$0.00 ,$0.00 ,"$47,431.60 ","$47,431.60 ",$0.00 ,$0.00 ,$0.00 ,$0.00 ,$0.00 ,$39.30 ,$0.00 ,$0.00 ,$0.00 ,$39.30 ,$39.30 ,"$10,163.91 "
"3125 NE Loop 820  Fort Worth, TX 76110",Acura,Auto - Acura Plant (Floorplan-New) - East,2/23/2026,11912,2/23/2026,9/23/2027,2026 Acura ACURARDXSHWDT,Automobile,ACURARDXSHWDT,5J8TC2H52TL011912,,"$47,431.60 ",$0.00 ,"$47,431.60 ",2/23/2026,$0.00 ,$0.00 ,"$47,431.60 ","$47,431.60 ",$0.00 ,$0.00 ,$0.00 ,$0.00 ,$0.00 ,$39.30 ,$0.00 ,$0.00 ,$0.00 ,$39.30 ,$39.30 ,"$10,163.91 "
"3125 NE Loop 820  Fort Worth, TX 76110",Acura,Auto - Acura Plant (Floorplan-New) - East,12/2/2025,12769,12/2/2025,7/2/2027,2026 Acura MDX,Automobile,MDX,5J8YE1H80TL012769,A7783,"$64,102.20 ","$64,102.20 ",$0.00 ,,$0.00 ,$0.00 ,$0.00 ,"$64,102.20 ",$0.00 ,$0.00 ,$0.00 ,$0.00 ,$0.00 ,$247.90 ,$0.00 ,$0.00 ,$0.00 ,$247.90 ,$800.50 ,"$64,102.20 "
"3125 NE Loop 820  Fort Worth, TX 76110",Acura,Auto - Acura Plant (Floorplan-New) - East,2/25/2026,12784,2/25/2026,9/25/2027,2026 Acura ACURARDXSHWDT,Automobile,ACURARDXSHWDT,5J8TC2H52TL012784,,"$47,431.60 ",$0.00 ,"$47,431.60 ",2/25/2026,$0.00 ,$0.00 ,"$47,431.60 ","$47,431.60 ",$0.00 ,$0.00 ,$0.00 ,$0.00 ,$0.00 ,$26.20 ,$0.00 ,$0.00 ,$0.00 ,$26.20 ,$26.20 ,"$6,775.94 "
"3125 NE Loop 820  Fort Worth, TX 76110",Acura,Auto - Acura Plant (Floorplan-New) - East,1/13/2026,12938,1/13/2026,8/13/2027,2026 Acura MDX,Automobile,MDX,5J8YE1H88TL012938,A7874,"$64,667.40 ","$64,667.40 ",$0.00 ,,$0.00 ,$0.00 ,$0.00 ,"$64,667.40 ",$0.00 ,$0.00 ,$0.00 ,$0.00 ,$0.00 ,$250.09 ,$0.00 ,$0.00 ,$0.00 ,$250.09 ,$420.72 ,"$64,667.40 "
"3125 NE Loop 820  Fort Worth, TX 76110",Acura,Auto - Acura Plant (Floorplan-New) - East,2/27/2026,12939,2/27/2026,9/27/2027,2026 Acura ACURARDXSHWDA,Automobile,ACURARDXSHWDA,5J8TC2H82TL012939,,"$54,019.00 ",$0.00 ,"$54,019.00 ",2/27/2026,$0.00 ,$0.00 ,"$54,019.00 ","$54,019.00 ",$0.00 ,$0.00 ,$0.00 ,$0.00 ,$0.00 ,$14.92 ,$0.00 ,$0.00 ,$0.00 ,$14.92 ,$14.92 ,"$3,858.50 "
"3125 NE Loop 820  Fort Worth, TX 76110",Acura,Auto - Acura Plant (Floorplan-New) - East,11/25/2025,13023,11/25/2025,6/25/2027,2026 Acura MDX,Automobile,MDX,5J8YE1H88TL013023,A7782,"$64,667.40 ","$64,667.40 ",$0.00 ,,$0.00 ,$0.00 ,$0.00 ,"$64,667.40 ",$0.00 ,$0.00 ,$0.00 ,$0.00 ,$0.00 ,$250.09 ,$0.00 ,$0.00 ,$0.00 ,$250.09 ,$873.80 ,"$64,667.40 "
"3125 NE Loop 820  Fort Worth, TX 76110",Acura,Auto - Acura Plant (Floorplan-New) - East,11/3/2025,13853,11/3/2025,6/3/2027,2026 Acura ACURAMDXSHWDT,Automobile,ACURAMDXSHWDT,5J8YE1H49TL013853,,"$57,870.00 ","$57,870.00 ",$0.00 ,,"($57,870.00)",$0.00 ,"($57,870.00)",$0.00 ,$0.00 ,$0.00 ,$0.00 ,$0.00 ,$0.00 ,$199.83 ,$0.00 ,$0.00 ,$0.00 ,$199.83 ,$944.85 ,"$51,669.64 "
"3125 NE Loop 820  Fort Worth, TX 76110",Acura,Auto - Acura Plant (Floorplan-New) - East,12/9/2025,15662,12/9/2025,7/9/2027,2026 Acura ACURAMDXSHWDA,Automobile,ACURAMDXSHWDA,5J8YE1H05TL015662,A7784,"$60,571.20 ","$60,571.20 ",$0.00 ,,"($60,571.20)",$0.00 ,"($60,571.20)",$0.00 ,$0.00 ,$0.00 ,$0.00 ,$0.00 ,$0.00 ,$217.52 ,$0.00 ,$0.00 ,$0.00 ,$217.52 ,$678.74 ,"$56,244.69 "
"3125 NE Loop 820  Fort Worth, TX 76110",Acura,Auto - Acura Plant (Floorplan-New) - East,12/9/2025,16276,12/9/2025,7/9/2027,2026 Acura ACURAMDXSHWDT,Automobile,ACURAMDXSHWDT,5J8YE1H41TL016276,A7798,"$57,870.00 ","$57,870.00 ",$0.00 ,,"($57,870.00)",$0.00 ,"($57,870.00)",$0.00 ,$0.00 ,$0.00 ,$0.00 ,$0.00 ,$0.00 ,$175.86 ,$0.00 ,$0.00 ,$0.00 ,$175.86 ,$616.53 ,"$45,469.29 "
"3125 NE Loop 820  Fort Worth, TX 76110",Acura,Auto - Acura Plant (Floorplan-New) - East,12/5/2025,16389,12/5/2025,7/5/2027,2026 Acura ACURAMDXSHWDA,Automobile,ACURAMDXSHWDA,5J8YE1H07TL016389,A7789,"$60,571.20 ","$60,571.20 ",$0.00 ,,"($60,571.20)",$0.00 ,"($60,571.20)",$0.00 ,$0.00 ,$0.00 ,$0.00 ,$0.00 ,$0.00 ,$200.79 ,$0.00 ,$0.00 ,$0.00 ,$200.79 ,$696.83 ,"$51,918.17 "
"3125 NE Loop 820  Fort Worth, TX 76110",Acura,Auto - Acura Plant (Floorplan-New) - East,12/5/2025,16411,12/5/2025,7/5/2027,2026 Acura ACURAMDXSHWDA,Automobile,ACURAMDXSHWDA,5J8YE1H07TL016411,,"$60,571.20 ","$60,571.20 ",$0.00 ,,"($60,571.20)",$0.00 ,"($60,571.20)",$0.00 ,$0.00 ,$0.00 ,$0.00 ,$0.00 ,$0.00 ,$209.16 ,$0.00 ,$0.00 ,$0.00 ,$209.16 ,$705.20 ,"$54,081.43 "
"3125 NE Loop 820  Fort Worth, TX 76110",Acura,Auto - Acura Plant (Floorplan-New) - East,12/15/2025,16873,12/15/2025,7/15/2027,2026 Acura ACURAMDXSHWD,Automobile,ACURAMDXSHWD,5J8YE1H39TL016873,,"$54,565.20 ","$54,565.20 ",$0.00 ,,"($54,565.20)",$0.00 ,"($54,565.20)",$0.00 ,$0.00 ,$0.00 ,$0.00 ,$0.00 ,$0.00 ,$15.11 ,$0.00 ,$0.00 ,$0.00 ,$15.11 ,$383.56 ,"$3,897.51 "
"3125 NE Loop 820  Fort Worth, TX 76110",Acura,Auto - Acura Plant (Floorplan-New) - East,12/16/2025,16912,12/16/2025,7/16/2027,2026 Acura ACURAMDXSHWDA,Automobile,ACURAMDXSHWDA,5J8YE1H8XTL016912,,"$64,667.40 ","$64,667.40 ",$0.00 ,,$0.00 ,$0.00 ,$0.00 ,"$64,667.40 ",$0.00 ,$0.00 ,$0.00 ,$0.00 ,$0.00 ,$250.09 ,$0.00 ,$0.00 ,$0.00 ,$250.09 ,$677.47 ,"$64,667.40 "
"3125 NE Loop 820  Fort Worth, TX 76110",Acura,Auto - Acura Plant (Floorplan-New) - East,12/16/2025,17269,12/16/2025,7/16/2027,2026 Acura ACURAMDXSHWDT,Automobile,ACURAMDXSHWDT,5J8YE1H49TL017269,,"$57,870.00 ","$57,870.00 ",$0.00 ,,$0.00 ,$0.00 ,$0.00 ,"$57,870.00 ",$0.00 ,$0.00 ,$0.00 ,$0.00 ,$0.00 ,$223.81 ,$0.00 ,$0.00 ,$0.00 ,$223.81 ,$606.27 ,"$57,870.00 "
"3125 NE Loop 820  Fort Worth, TX 76110",Acura,Auto - Acura Plant (Floorplan-New) - East,12/16/2025,17347,12/16/2025,7/16/2027,2026 Acura ACURAMDXSHWD,Automobile,ACURAMDXSHWD,5J8YE1H34TL017347,A7818,"$54,565.20 ","$54,565.20 ",$0.00 ,,"($54,565.20)",$0.00 ,"($54,565.20)",$0.00 ,$0.00 ,$0.00 ,$0.00 ,$0.00 ,$0.00 ,$30.18 ,$0.00 ,$0.00 ,$0.00 ,$30.18 ,$390.79 ,"$7,795.03 "
"3125 NE Loop 820  Fort Worth, TX 76110",Acura,Auto - Acura Plant (Floorplan-New) - East,1/14/2026,17914,1/14/2026,8/14/2027,2026 Acura ACURAMDXSHWDA,Automobile,ACURAMDXSHWDA,5J8YE1H97TL017914,,"$66,543.40 ","$66,543.40 ",$0.00 ,,$0.00 ,$0.00 ,$0.00 ,"$66,543.40 ",$0.00 ,$0.00 ,$0.00 ,$0.00 ,$0.00 ,$257.35 ,$0.00 ,$0.00 ,$0.00 ,$257.35 ,$423.69 ,"$66,543.40 "
"3125 NE Loop 820  Fort Worth, TX 76110",Acura,Auto - Acura Plant (Floorplan-New) - East,1/6/2026,18503,1/6/2026,8/6/2027,2026 Acura ACURAMDXSHWDA,Automobile,ACURAMDXSHWDA,5J8YE1H92TL018503,A7855,"$66,543.40 ","$66,543.40 ",$0.00 ,,"($66,543.40)",$0.00 ,"($66,543.40)",$0.00 ,$0.00 ,$0.00 ,$0.00 ,$0.00 ,$0.00 ,$101.13 ,$0.00 ,$0.00 ,$0.00 ,$101.13 ,$341.40 ,"$26,142.05 "
"3125 NE Loop 820  Fort Worth, TX 76110",Acura,Auto - Acura Plant (Floorplan-New) - East,1/6/2026,18544,1/6/2026,8/6/2027,2026 Acura ACURAMDXSHWDT,Automobile,ACURAMDXSHWDT,5J8YE1H4XTL018544,,"$57,870.00 ","$57,870.00 ",$0.00 ,,$0.00 ,$0.00 ,$0.00 ,"$57,870.00 ",$0.00 ,$0.00 ,$0.00 ,$0.00 ,$0.00 ,$223.81 ,$0.00 ,$0.00 ,$0.00 ,$223.81 ,$432.76 ,"$57,870.00 "
"3125 NE Loop 820  Fort Worth, TX 76110",Acura,Auto - Acura Plant (Floorplan-New) - East,1/12/2026,18686,1/12/2026,8/12/2027,2026 Acura ACURAMDXSHWDA,Automobile,ACURAMDXSHWDA,5J8YE1H84TL018686,A7872,"$64,667.40 ","$64,667.40 ",$0.00 ,,"($64,667.40)",$0.00 ,"($64,667.40)",$0.00 ,$0.00 ,$0.00 ,$0.00 ,$0.00 ,$0.00 ,$214.37 ,$0.00 ,$0.00 ,$0.00 ,$214.37 ,$393.98 ,"$55,429.20 "
"3125 NE Loop 820  Fort Worth, TX 76110",Acura,Auto - Acura Plant (Floorplan-New) - East,1/12/2026,18736,1/12/2026,8/12/2027,2026 Acura ACURAMDXSHWDA,Automobile,ACURAMDXSHWDA,5J8YE1H01TL018736,A7856,"$60,571.20 ","$60,571.20 ",$0.00 ,,"($60,571.20)",$0.00 ,"($60,571.20)",$0.00 ,$0.00 ,$0.00 ,$0.00 ,$0.00 ,$0.00 ,$25.14 ,$0.00 ,$0.00 ,$0.00 ,$25.14 ,$193.38 ,"$6,489.77 "
"3125 NE Loop 820  Fort Worth, TX 76110",Acura,Auto - Acura Plant (Floorplan-New) - East,1/6/2026,19002,1/6/2026,8/6/2027,2026 Acura ACURAMDXSHWD,Automobile,ACURAMDXSHWD,5J8YE1H32TL019002,A7854,"$54,565.20 ","$54,565.20 ",$0.00 ,,"($54,565.20)",$0.00 ,"($54,565.20)",$0.00 ,$0.00 ,$0.00 ,$0.00 ,$0.00 ,$0.00 ,$195.95 ,$0.00 ,$0.00 ,$0.00 ,$195.95 ,$392.97 ,"$50,667.69 "
"3125 NE Loop 820  Fort Worth, TX 76110",Acura,Auto - Acura Plant (Floorplan-New) - East,1/12/2026,19159,1/12/2026,8/12/2027,2026 Acura ACURAMDXSHWDA,Automobile,ACURAMDXSHWDA,5J8YE1H97TL019159,,"$66,543.40 ","$66,543.40 ",$0.00 ,,$0.00 ,$0.00 ,$0.00 ,"$66,543.40 ",$0.00 ,$0.00 ,$0.00 ,$0.00 ,$0.00 ,$257.35 ,$0.00 ,$0.00 ,$0.00 ,$257.35 ,$442.17 ,"$66,543.40 "
"3125 NE Loop 820  Fort Worth, TX 76110",Acura,Auto - Acura Plant (Floorplan-New) - East,1/14/2026,19738,1/14/2026,8/14/2027,2026 Acura ACURAMDXSHWDA,Automobile,ACURAMDXSHWDA,5J8YE1H82TL019738,A7871,"$64,667.40 ","$64,667.40 ",$0.00 ,,"($64,667.40)",$0.00 ,"($64,667.40)",$0.00 ,$0.00 ,$0.00 ,$0.00 ,$0.00 ,$0.00 ,$35.77 ,$0.00 ,$0.00 ,$0.00 ,$35.77 ,$197.42 ,"$9,238.20 "
"3125 NE Loop 820  Fort Worth, TX 76110",Acura,Auto - Acura Plant (Floorplan-New) - East,1/21/2026,20747,1/21/2026,8/21/2027,2026 Acura ACURAMDXSHWD,Automobile,ACURAMDXSHWD,5J8YE1H32TL020747,A7876,"$54,565.20 ","$54,565.20 ",$0.00 ,,"($54,565.20)",$0.00 ,"($54,565.20)",$0.00 ,$0.00 ,$0.00 ,$0.00 ,$0.00 ,$0.00 ,$143.21 ,$0.00 ,$0.00 ,$0.00 ,$143.21 ,$226.57 ,"$37,026.39 "
"3125 NE Loop 820  Fort Worth, TX 76110",Acura,Auto - Acura Plant (Floorplan-New) - East,1/21/2026,20810,1/21/2026,8/21/2027,2026 Acura ACURAMDXSHWDA,Automobile,ACURAMDXSHWDA,5J8YE1H80TL020810,A7877,"$64,202.20 ","$64,202.20 ",$0.00 ,,"($64,202.20)",$0.00 ,"($64,202.20)",$0.00 ,$0.00 ,$0.00 ,$0.00 ,$0.00 ,$0.00 ,$150.77 ,$0.00 ,$0.00 ,$0.00 ,$150.77 ,$248.85 ,"$38,979.91 "
"3125 NE Loop 820  Fort Worth, TX 76110",Acura,Auto - Acura Plant (Floorplan-New) - East,1/21/2026,21466,1/21/2026,8/21/2027,2026 Acura ACURAMDXSHWDA,Automobile,ACURAMDXSHWDA,5J8YE1H94TL021466,A7882,"$66,643.40 ","$66,643.40 ",$0.00 ,,"($66,643.40)",$0.00 ,"($66,643.40)",$0.00 ,$0.00 ,$0.00 ,$0.00 ,$0.00 ,$0.00 ,$211.72 ,$0.00 ,$0.00 ,$0.00 ,$211.72 ,$313.53 ,"$54,742.79 "
"3125 NE Loop 820  Fort Worth, TX 76110",Acura,Auto - Acura Plant (Floorplan-New) - East,1/30/2026,21648,1/30/2026,8/30/2027,2026 Acura ACURAMDXSHWDT,Automobile,ACURAMDXSHWDT,5J8YE1H44TL021648,A7898,"$57,970.00 ","$57,970.00 ",$0.00 ,,"($57,970.00)",$0.00 ,"($57,970.00)",$0.00 ,$0.00 ,$0.00 ,$0.00 ,$0.00 ,$0.00 ,$208.18 ,$0.00 ,$0.00 ,$0.00 ,$208.18 ,$224.28 ,"$53,829.29 "
"3125 NE Loop 820  Fort Worth, TX 76110",Acura,Auto - Acura Plant (Floorplan-New) - East,2/4/2026,22144,2/4/2026,9/4/2027,2026 Acura ACURAMDXSHWDA,Automobile,ACURAMDXSHWDA,5J8YE1H99TL022144,A7909,"$66,643.40 ",$0.00 ,"$66,643.40 ",2/4/2026,"($66,643.40)",$0.00 ,$0.00 ,$0.00 ,$0.00 ,$0.00 ,$0.00 ,$0.00 ,$0.00 ,$147.25 ,$0.00 ,$0.00 ,$0.00 ,$147.25 ,$147.25 ,"$38,081.94 "
"3125 NE Loop 820  Fort Worth, TX 76110",Acura,Auto - Acura Plant (Floorplan-New) - East,2/4/2026,22351,2/4/2026,9/4/2027,2026 Acura ACURAMDXSHWDA,Automobile,ACURAMDXSHWDA,5J8YE1H01TL022351,,"$60,671.20 ",$0.00 ,"$60,671.20 ",2/4/2026,$0.00 ,$0.00 ,"$60,671.20 ","$60,671.20 ",$0.00 ,$0.00 ,$0.00 ,$0.00 ,$0.00 ,$209.45 ,$0.00 ,$0.00 ,$0.00 ,$209.45 ,$209.45 ,"$54,170.71 "
"3125 NE Loop 820  Fort Worth, TX 76110",Acura,Auto - Acura Plant (Floorplan-New) - East,2/4/2026,22502,2/4/2026,9/4/2027,2026 Acura ACURAMDXSHWDA,Automobile,ACURAMDXSHWDA,5J8YE1H07TL022502,,"$60,671.20 ",$0.00 ,"$60,671.20 ",2/4/2026,$0.00 ,$0.00 ,"$60,671.20 ","$60,671.20 ",$0.00 ,$0.00 ,$0.00 ,$0.00 ,$0.00 ,$209.45 ,$0.00 ,$0.00 ,$0.00 ,$209.45 ,$209.45 ,"$54,170.71 "
"3125 NE Loop 820  Fort Worth, TX 76110",Acura,Auto - Acura Plant (Floorplan-New) - East,2/4/2026,22517,2/4/2026,9/4/2027,2026 Acura ACURAMDXSHWDA,Automobile,ACURAMDXSHWDA,5J8YE1H90TL022517,A7907,"$66,643.40 ",$0.00 ,"$66,643.40 ",2/4/2026,"($66,643.40)",$0.00 ,$0.00 ,$0.00 ,$0.00 ,$0.00 ,$0.00 ,$0.00 ,$0.00 ,$119.64 ,$0.00 ,$0.00 ,$0.00 ,$119.64 ,$119.64 ,"$30,941.58 "
"3125 NE Loop 820  Fort Worth, TX 76110",Acura,Auto - Acura Plant (Floorplan-New) - East,2/23/2026,22524,2/23/2026,9/23/2027,2026 Acura ACURAMDXSHWDA,Automobile,ACURAMDXSHWDA,5J8YE1H98TL022524,,"$66,643.40 ",$0.00 ,"$66,643.40 ",2/23/2026,$0.00 ,$0.00 ,"$66,643.40 ","$66,643.40 ",$0.00 ,$0.00 ,$0.00 ,$0.00 ,$0.00 ,$55.22 ,$0.00 ,$0.00 ,$0.00 ,$55.22 ,$55.22 ,"$14,280.73 "
"3125 NE Loop 820  Fort Worth, TX 76110",Acura,Auto - Acura Plant (Floorplan-New) - East,2/6/2026,22889,2/6/2026,9/6/2027,2026 Acura ACURAMDXSHWDA,Automobile,ACURAMDXSHWDA,5J8YE1H85TL022889,A7917,"$64,767.40 ",$0.00 ,"$64,767.40 ",2/6/2026,"($64,767.40)",$0.00 ,$0.00 ,$0.00 ,$0.00 ,$0.00 ,$0.00 ,$0.00 ,$0.00 ,$169.93 ,$0.00 ,$0.00 ,$0.00 ,$169.93 ,$169.93 ,"$43,949.31 "
"3125 NE Loop 820  Fort Worth, TX 76110",Acura,Auto - Acura Plant (Floorplan-New) - East,2/6/2026,23021,2/6/2026,9/6/2027,2026 Acura ACURAMDXSHWDA,Automobile,ACURAMDXSHWDA,5J8YE1H07TL023021,,"$60,671.20 ",$0.00 ,"$60,671.20 ",2/6/2026,$0.00 ,$0.00 ,"$60,671.20 ","$60,671.20 ",$0.00 ,$0.00 ,$0.00 ,$0.00 ,$0.00 ,$192.70 ,$0.00 ,$0.00 ,$0.00 ,$192.70 ,$192.70 ,"$49,837.06 "
"3125 NE Loop 820  Fort Worth, TX 76110",Acura,Auto - Acura Plant (Floorplan-New) - East,2/13/2026,23108,2/13/2026,9/13/2027,2026 Acura ACURAMDXSHWDA,Automobile,ACURAMDXSHWDA,5J8YE1H9XTL023108,,"$66,643.40 ",$0.00 ,"$66,643.40 ",2/13/2026,$0.00 ,$0.00 ,"$66,643.40 ","$66,643.40 ",$0.00 ,$0.00 ,$0.00 ,$0.00 ,$0.00 ,$147.25 ,$0.00 ,$0.00 ,$0.00 ,$147.25 ,$147.25 ,"$38,081.94 "
"3125 NE Loop 820  Fort Worth, TX 76110",Acura,Auto - Acura Plant (Floorplan-New) - East,2/13/2026,23352,2/13/2026,9/13/2027,2026 Acura ACURAMDXSHWDA,Automobile,ACURAMDXSHWDA,5J8YE1H08TL023352,,"$60,671.20 ",$0.00 ,"$60,671.20 ",2/13/2026,$0.00 ,$0.00 ,"$60,671.20 ","$60,671.20 ",$0.00 ,$0.00 ,$0.00 ,$0.00 ,$0.00 ,$134.05 ,$0.00 ,$0.00 ,$0.00 ,$134.05 ,$134.05 ,"$34,669.26 "
"3125 NE Loop 820  Fort Worth, TX 76110",Acura,Auto - Acura Plant (Floorplan-New) - East,2/17/2026,23824,2/17/2026,9/17/2027,2026 Acura ACURAMDXSHWDA,Automobile,ACURAMDXSHWDA,5J8YE1H01TL023824,,"$60,106.00 ",$0.00 ,"$60,106.00 ",2/17/2026,$0.00 ,$0.00 ,"$60,106.00 ","$60,106.00 ",$0.00 ,$0.00 ,$0.00 ,$0.00 ,$0.00 ,$99.60 ,$0.00 ,$0.00 ,$0.00 ,$99.60 ,$99.60 ,"$25,759.71 "
"3125 NE Loop 820  Fort Worth, TX 76110",Acura,Auto - Acura Plant (Floorplan-New) - East,2/25/2026,24111,2/25/2026,9/25/2027,2026 Acura ACURAMDXSHWDA,Automobile,ACURAMDXSHWDA,5J8YE1H94TL024111,,"$66,643.40 ",$0.00 ,"$66,643.40 ",2/25/2026,$0.00 ,$0.00 ,"$66,643.40 ","$66,643.40 ",$0.00 ,$0.00 ,$0.00 ,$0.00 ,$0.00 ,$36.81 ,$0.00 ,$0.00 ,$0.00 ,$36.81 ,$36.81 ,"$9,520.49 "
"3125 NE Loop 820  Fort Worth, TX 76110",Acura,Auto - Acura Plant (Floorplan-New) - East,2/23/2026,24575,2/23/2026,9/23/2027,2026 Acura ACURAMDXSHWDA,Automobile,ACURAMDXSHWDA,5J8YE1H83TL024575,,"$64,767.40 ",$0.00 ,"$64,767.40 ",2/23/2026,$0.00 ,$0.00 ,"$64,767.40 ","$64,767.40 ",$0.00 ,$0.00 ,$0.00 ,$0.00 ,$0.00 ,$53.66 ,$0.00 ,$0.00 ,$0.00 ,$53.66 ,$53.66 ,"$13,878.73 "
"3125 NE Loop 820  Fort Worth, TX 76110",Acura,Auto - Acura Plant (Floorplan-New) - East,2/25/2026,24874,2/25/2026,9/25/2027,2026 Acura ACURAMDXSHWDA,Automobile,ACURAMDXSHWDA,5J8YE1H82TL024874,,"$64,767.40 ",$0.00 ,"$64,767.40 ",2/25/2026,$0.00 ,$0.00 ,"$64,767.40 ","$64,767.40 ",$0.00 ,$0.00 ,$0.00 ,$0.00 ,$0.00 ,$35.78 ,$0.00 ,$0.00 ,$0.00 ,$35.78 ,$35.78 ,"$9,252.49 "
"3125 NE Loop 820  Fort Worth, TX 76110",Acura,Auto - Acura Plant (Floorplan-New) - East,10/23/2025,36264,10/23/2025,5/23/2027,2025 Acura RDX,Automobile,RDX,5J8TC2H40SL036264,A7709,"$45,503.70 ","$45,503.70 ",$0.00 ,,"($45,503.70)",$0.00 ,"($45,503.70)",$0.00 ,$0.00 ,$0.00 ,$0.00 ,$0.00 ,$0.00 ,$119.43 ,$0.00 ,$0.00 ,$0.00 ,$119.43 ,$780.81 ,"$30,877.51 "
"3125 NE Loop 820  Fort Worth, TX 76110",Acura,Auto - Acura Plant (Floorplan-New) - East,1/14/2026,700021,1/14/2026,8/14/2027,2026 Acura ACURAADXA-EC,Automobile,ACURAADXA-EC,3HDSA1H56TM700021,,"$38,598.00 ","$38,598.00 ",$0.00 ,,"($38,598.00)",$0.00 ,"($38,598.00)",$0.00 ,$0.00 ,$0.00 ,$0.00 ,$0.00 ,$0.00 ,$133.28 ,$0.00 ,$0.00 ,$0.00 ,$133.28 ,$229.77 ,"$34,462.50 "
"3125 NE Loop 820  Fort Worth, TX 76110",Acura,Auto - Acura Plant (Floorplan-New) - East,2/12/2026,700106,2/12/2026,9/12/2027,2026 Acura ACURAADXAW-SP,Automobile,ACURAADXAW-SP,3HDSA2H74TM700106,A7929,"$44,561.20 ",$0.00 ,"$44,561.20 ",2/12/2026,"($44,561.20)",$0.00 ,$0.00 ,$0.00 ,$0.00 ,$0.00 ,$0.00 ,$0.00 ,$0.00 ,$49.23 ,$0.00 ,$0.00 ,$0.00 ,$49.23 ,$49.23 ,"$12,731.77 "
"3125 NE Loop 820  Fort Worth, TX 76110",Acura,Auto - Acura Plant (Floorplan-New) - East,2/13/2026,700115,2/13/2026,9/13/2027,2026 Acura ACURAADXAW-SP,Automobile,ACURAADXAW-SP,3HDSA2H75TM700115,,"$44,561.20 ",$0.00 ,"$44,561.20 ",2/13/2026,"($44,561.20)",$0.00 ,$0.00 ,$0.00 ,$0.00 ,$0.00 ,$0.00 ,$0.00 ,$0.00 ,$80.00 ,$0.00 ,$0.00 ,$0.00 ,$80.00 ,$80.00 ,"$20,689.13 "
"3125 NE Loop 820  Fort Worth, TX 76110",Acura,Auto - Acura Plant (Floorplan-New) - East,1/6/2026,700350,1/6/2026,8/6/2027,2026 Acura ACURAADX,Automobile,ACURAADX,3HDSA1H35TM700350,A7848,"$36,051.00 ","$36,051.00 ",$0.00 ,,"($36,051.00)",$0.00 ,"($36,051.00)",$0.00 ,$0.00 ,$0.00 ,$0.00 ,$0.00 ,$0.00 ,$49.82 ,$0.00 ,$0.00 ,$0.00 ,$49.82 ,$179.99 ,"$12,875.36 "
"3125 NE Loop 820  Fort Worth, TX 76110",Acura,Auto - Acura Plant (Floorplan-New) - East,2/12/2026,700377,2/12/2026,9/12/2027,2026 Acura ACURAADXAW-SP,Automobile,ACURAADXAW-SP,3HDSA2H72TM700377,,"$44,561.20 ",$0.00 ,"$44,561.20 ",2/12/2026,$0.00 ,$0.00 ,"$44,561.20 ","$44,561.20 ",$0.00 ,$0.00 ,$0.00 ,$0.00 ,$0.00 ,$104.61 ,$0.00 ,$0.00 ,$0.00 ,$104.61 ,$104.61 ,"$27,055.01 "
"3125 NE Loop 820  Fort Worth, TX 76110",Acura,Auto - Acura Plant (Floorplan-New) - East,1/6/2026,700384,1/6/2026,8/6/2027,2026 Acura ACURAADXA-ECA,Automobile,ACURAADXA-ECA,3HDSA1H77TM700384,,"$42,545.20 ","$42,545.20 ",$0.00 ,,$0.00 ,$0.00 ,$0.00 ,"$42,545.20 ",$0.00 ,$0.00 ,$0.00 ,$0.00 ,$0.00 ,$164.54 ,$0.00 ,$0.00 ,$0.00 ,$164.54 ,$318.16 ,"$42,545.20 "
"3125 NE Loop 820  Fort Worth, TX 76110",Acura,Auto - Acura Plant (Floorplan-New) - East,1/6/2026,700408,1/6/2026,8/6/2027,2026 Acura ACURAADXAW-SP,Automobile,ACURAADXAW-SP,3HDSA2H79TM700408,A7846,"$44,461.20 ","$44,461.20 ",$0.00 ,,"($44,461.20)",$0.00 ,"($44,461.20)",$0.00 ,$0.00 ,$0.00 ,$0.00 ,$0.00 ,$0.00 ,$116.68 ,$0.00 ,$0.00 ,$0.00 ,$116.68 ,$277.22 ,"$30,170.10 "
"3125 NE Loop 820  Fort Worth, TX 76110",Acura,Auto - Acura Plant (Floorplan-New) - East,1/12/2026,700432,1/12/2026,8/12/2027,2026 Acura ACURAADX,Automobile,ACURAADX,3HDSA1H37TM700432,A7858,"$35,475.00 ","$35,475.00 ",$0.00 ,,"($35,475.00)",$0.00 ,"($35,475.00)",$0.00 ,$0.00 ,$0.00 ,$0.00 ,$0.00 ,$0.00 ,$44.12 ,$0.00 ,$0.00 ,$0.00 ,$44.12 ,$142.65 ,"$11,402.68 "
"3125 NE Loop 820  Fort Worth, TX 76110",Acura,Auto - Acura Plant (Floorplan-New) - East,1/12/2026,700506,1/12/2026,8/12/2027,2026 Acura ACURAADX,Automobile,ACURAADX,3HDSA1H3XTM700506,,"$36,051.00 ","$36,051.00 ",$0.00 ,,$0.00 ,$0.00 ,$0.00 ,"$36,051.00 ",$0.00 ,$0.00 ,$0.00 ,$0.00 ,$0.00 ,$139.43 ,$0.00 ,$0.00 ,$0.00 ,$139.43 ,$239.56 ,"$36,051.00 "
"3125 NE Loop 820  Fort Worth, TX 76110",Acura,Auto - Acura Plant (Floorplan-New) - East,2/4/2026,700526,2/4/2026,9/4/2027,2026 Acura ACURAADXA-EC,Automobile,ACURAADXA-EC,3HDSA1H53TM700526,,"$38,122.00 ",$0.00 ,"$38,122.00 ",2/4/2026,$0.00 ,$0.00 ,"$38,122.00 ","$38,122.00 ",$0.00 ,$0.00 ,$0.00 ,$0.00 ,$0.00 ,$131.61 ,$0.00 ,$0.00 ,$0.00 ,$131.61 ,$131.61 ,"$34,037.50 "
"3125 NE Loop 820  Fort Worth, TX 76110",Acura,Auto - Acura Plant (Floorplan-New) - East,2/12/2026,700615,2/12/2026,9/12/2027,2026 Acura ACURAADXA-EC,Automobile,ACURAADXA-EC,3HDSA1H52TM700615,,"$38,698.00 ",$0.00 ,"$38,698.00 ",2/12/2026,"($38,698.00)",$0.00 ,$0.00 ,$0.00 ,$0.00 ,$0.00 ,$0.00 ,$0.00 ,$0.00 ,$74.81 ,$0.00 ,$0.00 ,$0.00 ,$74.81 ,$74.81 ,"$19,349.00 "
"3125 NE Loop 820  Fort Worth, TX 76110",Acura,Auto - Acura Plant (Floorplan-New) - East,1/6/2026,700616,1/6/2026,8/6/2027,2026 Acura ACURAADXAW-SP,Automobile,ACURAADXAW-SP,3HDSA2H57TM700616,,"$39,942.00 ","$39,942.00 ",$0.00 ,,$0.00 ,$0.00 ,$0.00 ,"$39,942.00 ",$0.00 ,$0.00 ,$0.00 ,$0.00 ,$0.00 ,$154.47 ,$0.00 ,$0.00 ,$0.00 ,$154.47 ,$298.69 ,"$39,942.00 "
"3125 NE Loop 820  Fort Worth, TX 76110",Acura,Auto - Acura Plant (Floorplan-New) - East,2/13/2026,700674,2/13/2026,9/13/2027,2026 Acura ACURAADXAW-SP,Automobile,ACURAADXAW-SP,3HDSA2H78TM700674,,"$43,985.20 ",$0.00 ,"$43,985.20 ",2/13/2026,$0.00 ,$0.00 ,"$43,985.20 ","$43,985.20 ",$0.00 ,$0.00 ,$0.00 ,$0.00 ,$0.00 ,$97.18 ,$0.00 ,$0.00 ,$0.00 ,$97.18 ,$97.18 ,"$25,134.40 "
"3125 NE Loop 820  Fort Worth, TX 76110",Acura,Auto - Acura Plant (Floorplan-New) - East,2/12/2026,700675,2/12/2026,9/12/2027,2026 Acura ACURAADXAW-SP,Automobile,ACURAADXAW-SP,3HDSA2H7XTM700675,,"$43,985.20 ",$0.00 ,"$43,985.20 ",2/12/2026,"($43,985.20)",$0.00 ,$0.00 ,$0.00 ,$0.00 ,$0.00 ,$0.00 ,$0.00 ,$0.00 ,$85.04 ,$0.00 ,$0.00 ,$0.00 ,$85.04 ,$85.04 ,"$21,992.60 "
"3125 NE Loop 820  Fort Worth, TX 76110",Acura,Auto - Acura Plant (Floorplan-New) - East,2/13/2026,700896,2/13/2026,9/13/2027,2026 Acura ACURAADX,Automobile,ACURAADX,3HDSA1H35TM700896,A7903,"$35,575.00 ",$0.00 ,"$35,575.00 ",2/13/2026,"($35,575.00)",$0.00 ,$0.00 ,$0.00 ,$0.00 ,$0.00 ,$0.00 ,$0.00 ,$0.00 ,$68.78 ,$0.00 ,$0.00 ,$0.00 ,$68.78 ,$68.78 ,"$17,787.50 "
"3125 NE Loop 820  Fort Worth, TX 76110",Acura,Auto - Acura Plant (Floorplan-New) - East,2/4/2026,700932,2/4/2026,9/4/2027,2026 Acura ACURAADXA-EC,Automobile,ACURAADXA-EC,3HDSA1H53TM700932,,"$38,698.00 ",$0.00 ,"$38,698.00 ",2/4/2026,"($38,698.00)",$0.00 ,$0.00 ,$0.00 ,$0.00 ,$0.00 ,$0.00 ,$0.00 ,$0.00 ,$117.57 ,$0.00 ,$0.00 ,$0.00 ,$117.57 ,$117.57 ,"$30,405.57 "
"3125 NE Loop 820  Fort Worth, TX 76110",Acura,Auto - Acura Plant (Floorplan-New) - East,1/22/2026,700975,1/22/2026,8/22/2027,2026 Acura ACURAADX A,Automobile,ACURAADX A,3HDSA2H34TM700975,A7881,"$37,525.00 ","$37,525.00 ",$0.00 ,,"($37,525.00)",$0.00 ,"($37,525.00)",$0.00 ,$0.00 ,$0.00 ,$0.00 ,$0.00 ,$0.00 ,$88.12 ,$0.00 ,$0.00 ,$0.00 ,$88.12 ,$140.23 ,"$22,783.04 "
"3125 NE Loop 820  Fort Worth, TX 76110",Acura,Auto - Acura Plant (Floorplan-New) - East,2/3/2026,700979,2/3/2026,9/3/2027,2026 Acura ACURAADXA-EC,Automobile,ACURAADXA-EC,3HDSA1H57TM700979,,"$38,698.00 ",$0.00 ,"$38,698.00 ",2/3/2026,$0.00 ,$0.00 ,"$38,698.00 ","$38,698.00 ",$0.00 ,$0.00 ,$0.00 ,$0.00 ,$0.00 ,$138.94 ,$0.00 ,$0.00 ,$0.00 ,$138.94 ,$138.94 ,"$35,933.86 "
"3125 NE Loop 820  Fort Worth, TX 76110",Acura,Auto - Acura Plant (Floorplan-New) - East,2/3/2026,700997,2/3/2026,9/3/2027,2026 Acura ACURAADXA-EC,Automobile,ACURAADXA-EC,3HDSA1H59TM700997,,"$38,698.00 ",$0.00 ,"$38,698.00 ",2/3/2026,$0.00 ,$0.00 ,"$38,698.00 ","$38,698.00 ",$0.00 ,$0.00 ,$0.00 ,$0.00 ,$0.00 ,$138.94 ,$0.00 ,$0.00 ,$0.00 ,$138.94 ,$138.94 ,"$35,933.86 "
"3125 NE Loop 820  Fort Worth, TX 76110",Acura,Auto - Acura Plant (Floorplan-New) - East,2/12/2026,701021,2/12/2026,9/12/2027,2026 Acura ACURAADXA-EC,Automobile,ACURAADXA-EC,3HDSA1H50TM701021,,"$38,698.00 ",$0.00 ,"$38,698.00 ",2/12/2026,$0.00 ,$0.00 ,"$38,698.00 ","$38,698.00 ",$0.00 ,$0.00 ,$0.00 ,$0.00 ,$0.00 ,$90.85 ,$0.00 ,$0.00 ,$0.00 ,$90.85 ,$90.85 ,"$23,495.21 "
"3125 NE Loop 820  Fort Worth, TX 76110",Acura,Auto - Acura Plant (Floorplan-New) - East,2/27/2026,701101,2/27/2026,9/27/2027,2026 Acura ACURAADX,Automobile,ACURAADX,3HDSA1H30TM701101,,"$35,575.00 ",$0.00 ,"$35,575.00 ",2/27/2026,$0.00 ,$0.00 ,"$35,575.00 ","$35,575.00 ",$0.00 ,$0.00 ,$0.00 ,$0.00 ,$0.00 ,$9.83 ,$0.00 ,$0.00 ,$0.00 ,$9.83 ,$9.83 ,"$2,541.07 "
"3125 NE Loop 820  Fort Worth, TX 76110",Acura,Auto - Acura Plant (Floorplan-New) - East,2/12/2026,701246,2/12/2026,9/12/2027,2026 Acura ACURAADXA-EC,Automobile,ACURAADXA-EC,3HDSA1H52TM701246,A7925,"$38,122.00 ",$0.00 ,"$38,122.00 ",2/12/2026,"($38,122.00)",$0.00 ,$0.00 ,$0.00 ,$0.00 ,$0.00 ,$0.00 ,$0.00 ,$0.00 ,$57.91 ,$0.00 ,$0.00 ,$0.00 ,$57.91 ,$57.91 ,"$14,976.50 "
"3125 NE Loop 820  Fort Worth, TX 76110",Acura,Auto - Acura Plant (Floorplan-New) - East,2/12/2026,701248,2/12/2026,9/12/2027,2026 Acura ACURAADXA-EC,Automobile,ACURAADXA-EC,3HDSA1H56TM701248,,"$38,122.00 ",$0.00 ,"$38,122.00 ",2/12/2026,$0.00 ,$0.00 ,"$38,122.00 ","$38,122.00 ",$0.00 ,$0.00 ,$0.00 ,$0.00 ,$0.00 ,$89.49 ,$0.00 ,$0.00 ,$0.00 ,$89.49 ,$89.49 ,"$23,145.50 "
"3125 NE Loop 820  Fort Worth, TX 76110",Acura,Auto - Acura Plant (Floorplan-New) - East,2/12/2026,701339,2/12/2026,9/12/2027,2026 Acura ACURAADX,Automobile,ACURAADX,3HDSA1H30TM701339,,"$35,575.00 ",$0.00 ,"$35,575.00 ",2/12/2026,$0.00 ,$0.00 ,"$35,575.00 ","$35,575.00 ",$0.00 ,$0.00 ,$0.00 ,$0.00 ,$0.00 ,$83.51 ,$0.00 ,$0.00 ,$0.00 ,$83.51 ,$83.51 ,"$21,599.11 "
"3125 NE Loop 820  Fort Worth, TX 76110",Acura,Auto - Acura Plant (Floorplan-New) - East,2/17/2026,701400,2/17/2026,9/17/2027,2026 Acura ACURAADXA-EC,Automobile,ACURAADXA-EC,3HDSA1H58TM701400,,"$38,698.00 ",$0.00 ,"$38,698.00 ",2/17/2026,$0.00 ,$0.00 ,"$38,698.00 ","$38,698.00 ",$0.00 ,$0.00 ,$0.00 ,$0.00 ,$0.00 ,$64.13 ,$0.00 ,$0.00 ,$0.00 ,$64.13 ,$64.13 ,"$16,584.86 "
"3125 NE Loop 820  Fort Worth, TX 76110",Acura,Auto - Acura Plant (Floorplan-New) - East,2/13/2026,701460,2/13/2026,9/13/2027,2026 Acura ACURAADXAW-SP,Automobile,ACURAADXAW-SP,3HDSA2H57TM701460,,"$40,618.00 ",$0.00 ,"$40,618.00 ",2/13/2026,$0.00 ,$0.00 ,"$40,618.00 ","$40,618.00 ",$0.00 ,$0.00 ,$0.00 ,$0.00 ,$0.00 ,$89.74 ,$0.00 ,$0.00 ,$0.00 ,$89.74 ,$89.74 ,"$23,210.29 "
"3125 NE Loop 820  Fort Worth, TX 76110",Acura,Auto - Acura Plant (Floorplan-New) - East,2/26/2026,701469,2/26/2026,9/26/2027,2026 Acura ACURAADXA-EC,Automobile,ACURAADXA-EC,3HDSA1H50TM701469,,"$38,698.00 ",$0.00 ,"$38,698.00 ",2/26/2026,$0.00 ,$0.00 ,"$38,698.00 ","$38,698.00 ",$0.00 ,$0.00 ,$0.00 ,$0.00 ,$0.00 ,$16.03 ,$0.00 ,$0.00 ,$0.00 ,$16.03 ,$16.03 ,"$4,146.21 "
"3125 NE Loop 820  Fort Worth, TX 76110",Acura,Auto - Acura Plant (Floorplan-New) - East,2/23/2026,701577,2/23/2026,9/23/2027,2026 Acura ACURAADXAW-SP,Automobile,ACURAADXAW-SP,3HDSA2H74TM701577,,"$44,561.20 ",$0.00 ,"$44,561.20 ",2/23/2026,$0.00 ,$0.00 ,"$44,561.20 ","$44,561.20 ",$0.00 ,$0.00 ,$0.00 ,$0.00 ,$0.00 ,$36.92 ,$0.00 ,$0.00 ,$0.00 ,$36.92 ,$36.92 ,"$9,548.83 "
"3125 NE Loop 820  Fort Worth, TX 76110",Acura,Auto - Acura Plant (Floorplan-New) - East,2/26/2026,701606,2/26/2026,9/26/2027,2026 Acura ACURAADXA-EC,Automobile,ACURAADXA-EC,3HDSA1H56TM701606,,"$38,698.00 ",$0.00 ,"$38,698.00 ",2/26/2026,$0.00 ,$0.00 ,"$38,698.00 ","$38,698.00 ",$0.00 ,$0.00 ,$0.00 ,$0.00 ,$0.00 ,$16.03 ,$0.00 ,$0.00 ,$0.00 ,$16.03 ,$16.03 ,"$4,146.21 "
"3125 NE Loop 820  Fort Worth, TX 76110",Acura,Auto - Acura Plant (Floorplan-New) - East,11/18/2025,715886,11/18/2025,6/18/2027,2025 Acura ACURAADXAW-SP,Automobile,ACURAADXAW-SP,3HDSA2H53SM715886,A7756,"$39,750.00 ","$39,750.00 ",$0.00 ,,"($39,750.00)",$0.00 ,"($39,750.00)",$0.00 ,$0.00 ,$0.00 ,$0.00 ,$0.00 ,$0.00 ,$27.48 ,$0.00 ,$0.00 ,$0.00 ,$27.48 ,$451.71 ,"$7,098.21 "
"3125 NE Loop 820  Fort Worth, TX 76110",Acura,Auto - Acura Plant (Floorplan-New) - East,12/16/2025,717162,12/16/2025,7/16/2027,2025 Acura ACURAADXAW-SP,Automobile,ACURAADXAW-SP,3HDSA2H54SM717162,,"$40,326.00 ","$40,326.00 ",$0.00 ,,$0.00 ,$0.00 ,$0.00 ,"$40,326.00 ",$0.00 ,$0.00 ,$0.00 ,$0.00 ,$0.00 ,$155.95 ,$0.00 ,$0.00 ,$0.00 ,$155.95 ,$422.46 ,"$40,326.00 "
"3125 NE Loop 820  Fort Worth, TX 76110",Straight Line,Auto - Straight Line Plant - E,9/13/2018,HTLINE,9/13/2018,12/13/2101,2018 Straight Line STRAIGHTLINE,Automobile,STRAIGHTLINE,STRAIGHTLINE,,"$1,500,000.00 ","$1,500,000.00 ",$0.00 ,,$0.00 ,$0.00 ,$0.00 ,"$1,500,000.00 ",$0.00 ,$0.00 ,$0.00 ,$0.00 ,$0.00 ,"$6,151.02 ",$0.00 ,$0.00 ,$0.00 ,"$6,151.02 ","$81,448.99 ","$1,500,000.00 "
Total: ,,,,,,,,,,,,"$10,615,126.50 ","$7,349,391.70 ","$3,252,238.70 ",,"($3,631,816.00)",$0.00 ,"($379,577.30)","$6,969,814.40 ","$4,498.70 ",$0.00 ,$0.00 ,$0.00 ,"$4,498.70 ","$30,693.47 ",$0.00 ,$0.00 ,$0.00 ,"$30,693.47 ","$163,493.58 ","$7,846,171.49 "
